Copyright 1986-2022 Xilinx, Inc. All Rights Reserved. Copyright 2022-2026 Advanced Micro Devices, Inc. All Rights Reserved.
---------------------------------------------------------------------------------------------------------------------------------------------------------------------------------------------------------------------------------------
| Tool Version : Vivado v.2026.1 (lin64) Build 6511674 Tue Jun 16 11:01:26 MDT 2026
| Date         : Thu Sep 17 18:59:06 2026
| Host         : ahmet-IdeaPad-Gaming-3-15ACH6 running 64-bit Ubuntu 24.04.5 LTS
| Command      : report_timing_summary -max_paths 10 -routable_nets -report_unconstrained -file led_blink_timing_summary_routed.rpt -pb led_blink_timing_summary_routed.pb -rpx led_blink_timing_summary_routed.rpx -warn_on_violation
| Design       : led_blink
| Device       : 7z020-clg400
| Speed File   : -1  PRODUCTION 1.12 2019-11-22
| Design State : Routed
---------------------------------------------------------------------------------------------------------------------------------------------------------------------------------------------------------------------------------------

Timing Summary Report

------------------------------------------------------------------------------------------------
| Timer Settings
| --------------
------------------------------------------------------------------------------------------------

  Enable Multi Corner Analysis               :  Yes
  Enable Pessimism Removal                   :  Yes
  Pessimism Removal Resolution               :  Nearest Common Node
  Enable Input Delay Default Clock           :  No
  Enable Preset / Clear Arcs                 :  No
  Disable Flight Delays                      :  No
  Ignore I/O Paths                           :  No
  Timing Early Launch at Borrowing Latches   :  No
  Borrow Time for Max Delay Exceptions       :  Yes
  Merge Timing Exceptions                    :  Yes
  Inter-SLR Compensation                     :  Conservative

  Corner  Analyze    Analyze    
  Name    Max Paths  Min Paths  
  ------  ---------  ---------  
  Slow    Yes        Yes        
  Fast    Yes        Yes        


------------------------------------------------------------------------------------------------
| Report Methodology
| ------------------
------------------------------------------------------------------------------------------------

Rule       Severity  Description                    Violations  
---------  --------  -----------------------------  ----------  
TIMING-18  Warning   Missing input or output delay  2           

Note: This report is based on the most recent report_methodology run and may not be up-to-date. Run report_methodology on the current design for the latest report.



check_timing report

Table of Contents
-----------------
1. checking no_clock (0)
2. checking constant_clock (0)
3. checking pulse_width_clock (0)
4. checking unconstrained_internal_endpoints (0)
5. checking no_input_delay (1)
6. checking no_output_delay (1)
7. checking multiple_clock (0)
8. checking generated_clocks (0)
9. checking loops (0)
10. checking partial_input_delay (0)
11. checking partial_output_delay (0)
12. checking latch_loops (0)

1. checking no_clock (0)
------------------------
 There are 0 register/latch pins with no clock.


2. checking constant_clock (0)
------------------------------
 There are 0 register/latch pins with constant_clock.


3. checking pulse_width_clock (0)
---------------------------------
 There are 0 register/latch pins which need pulse_width check


4. checking unconstrained_internal_endpoints (0)
------------------------------------------------
 There are 0 pins that are not constrained for maximum delay.

 There are 0 pins that are not constrained for maximum delay due to constant clock.


5. checking no_input_delay (1)
------------------------------
 There is 1 input port with no input delay specified. (HIGH)

 There are 0 input ports with no input delay but user has a false path constraint.


6. checking no_output_delay (1)
-------------------------------
 There is 1 port with no output delay specified. (HIGH)

 There are 0 ports with no output delay but user has a false path constraint

 There are 0 ports with no output delay but with a timing clock defined on it or propagating through it


7. checking multiple_clock (0)
------------------------------
 There are 0 register/latch pins with multiple clocks.


8. checking generated_clocks (0)
--------------------------------
 There are 0 generated clocks that are not connected to a clock source.


9. checking loops (0)
---------------------
 There are 0 combinational loops in the design.


10. checking partial_input_delay (0)
------------------------------------
 There are 0 input ports with partial input delay specified.


11. checking partial_output_delay (0)
-------------------------------------
 There are 0 ports with partial output delay specified.


12. checking latch_loops (0)
----------------------------
 There are 0 combinational latch loops in the design through latch input



------------------------------------------------------------------------------------------------
| Design Timing Summary
| ---------------------
------------------------------------------------------------------------------------------------

    WNS(ns)      TNS(ns)  TNS Failing Endpoints  TNS Total Endpoints      WHS(ns)      THS(ns)  THS Failing Endpoints  THS Total Endpoints     WPWS(ns)     TPWS(ns)  TPWS Failing Endpoints  TPWS Total Endpoints  
    -------      -------  ---------------------  -------------------      -------      -------  ---------------------  -------------------     --------     --------  ----------------------  --------------------  
      5.752        0.000                      0                   53        0.261        0.000                      0                   53        4.500        0.000                       0                    28  


All user specified timing constraints are met.


------------------------------------------------------------------------------------------------
| Clock Summary
| -------------
------------------------------------------------------------------------------------------------

Clock        Waveform(ns)       Period(ns)      Frequency(MHz)
-----        ------------       ----------      --------------
sys_clk_pin  {0.000 5.000}      10.000          100.000         


------------------------------------------------------------------------------------------------
| Intra Clock Table
| -----------------
------------------------------------------------------------------------------------------------

Clock             WNS(ns)      TNS(ns)  TNS Failing Endpoints  TNS Total Endpoints      WHS(ns)      THS(ns)  THS Failing Endpoints  THS Total Endpoints     WPWS(ns)     TPWS(ns)  TPWS Failing Endpoints  TPWS Total Endpoints  
-----             -------      -------  ---------------------  -------------------      -------      -------  ---------------------  -------------------     --------     --------  ----------------------  --------------------  
sys_clk_pin         5.752        0.000                      0                   53        0.261        0.000                      0                   53        4.500        0.000                       0                    28  


------------------------------------------------------------------------------------------------
| Inter Clock Table
| -----------------
------------------------------------------------------------------------------------------------

From Clock    To Clock          WNS(ns)      TNS(ns)  TNS Failing Endpoints  TNS Total Endpoints      WHS(ns)      THS(ns)  THS Failing Endpoints  THS Total Endpoints  
----------    --------          -------      -------  ---------------------  -------------------      -------      -------  ---------------------  -------------------  


------------------------------------------------------------------------------------------------
| Other Path Groups Table
| -----------------------
------------------------------------------------------------------------------------------------

Path Group    From Clock    To Clock          WNS(ns)      TNS(ns)  TNS Failing Endpoints  TNS Total Endpoints      WHS(ns)      THS(ns)  THS Failing Endpoints  THS Total Endpoints  
----------    ----------    --------          -------      -------  ---------------------  -------------------      -------      -------  ---------------------  -------------------  


------------------------------------------------------------------------------------------------
| User Ignored Path Table
| -----------------------
------------------------------------------------------------------------------------------------

Path Group    From Clock    To Clock    
----------    ----------    --------    


------------------------------------------------------------------------------------------------
| Unconstrained Path Table
| ------------------------
------------------------------------------------------------------------------------------------

Path Group    From Clock    To Clock    
----------    ----------    --------    
(none)        sys_clk_pin                 
(none)                      sys_clk_pin   


------------------------------------------------------------------------------------------------
| Timing Details
| --------------
------------------------------------------------------------------------------------------------


---------------------------------------------------------------------------------------------------
From Clock:  sys_clk_pin
  To Clock:  sys_clk_pin

Setup :            0  Failing Endpoints,  Worst Slack        5.752ns,  Total Violation        0.000ns
Hold  :            0  Failing Endpoints,  Worst Slack        0.261ns,  Total Violation        0.000ns
PW    :            0  Failing Endpoints,  Worst Slack        4.500ns,  Total Violation        0.000ns
---------------------------------------------------------------------------------------------------


Max Delay Paths
--------------------------------------------------------------------------------------
Slack (MET) :             5.752ns  (required time - arrival time)
  Source:                 counter_reg[25]/C
                            (rising edge-triggered cell FDRE clocked by sys_clk_pin  {rise@0.000ns fall@5.000ns period=10.000ns})
  Destination:            counter_reg[4]/R
                            (rising edge-triggered cell FDRE clocked by sys_clk_pin  {rise@0.000ns fall@5.000ns period=10.000ns})
  Path Group:             sys_clk_pin
  Path Type:              Setup (Max at Slow Process Corner)
  Requirement:            10.000ns  (sys_clk_pin rise@10.000ns - sys_clk_pin rise@0.000ns)
  Data Path Delay:        3.755ns  (logic 0.828ns (22.049%)  route 2.927ns (77.951%))
  Logic Levels:           3  (LUT2=1 LUT6=2)
  Clock Path Skew:        -0.028ns (DCD - SCD + CPR)
    Destination Clock Delay (DCD):    5.446ns = ( 15.446 - 10.000 ) 
    Source Clock Delay      (SCD):    5.938ns
    Clock Pessimism Removal (CPR):    0.463ns
  Clock Uncertainty:      0.035ns  ((TSJ^2 + TIJ^2)^1/2 + DJ) / 2 + PE
    Total System Jitter     (TSJ):    0.071ns
    Total Input Jitter      (TIJ):    0.000ns
    Discrete Jitter          (DJ):    0.000ns
    Phase Error              (PE):    0.000ns

    Location             Delay type                Incr(ns)  Path(ns)    Netlist Resource(s)
  -------------------------------------------------------------------    -------------------
                         (clock sys_clk_pin rise edge)
                                                      0.000     0.000 r  <hidden>
    H16                                               0.000     0.000 r  clk
                         net (fo=0)                   0.000     0.000    clk
    H16                  IBUF (Prop_ibuf_I_O)         1.451     1.451 r  clk_IBUF_inst/O
                         net (fo=1, routed)           2.522     3.973    clk_IBUF
    BUFGCTRL_X0Y16       BUFG (Prop_bufg_I_O)         0.101     4.074 r  clk_IBUF_BUFG_inst/O
                         net (fo=27, routed)          1.864     5.938    clk_IBUF_BUFG
    SLICE_X113Y92        FDRE                                         r  counter_reg[25]/C
  -------------------------------------------------------------------    -------------------
    SLICE_X113Y92        FDRE (Prop_fdre_C_Q)         0.456     6.394 r  counter_reg[25]/Q
                         net (fo=2, routed)           0.881     7.274    counter_reg[25]
    SLICE_X112Y91        LUT6 (Prop_lut6_I5_O)        0.124     7.398 r  counter[0]_i_6/O
                         net (fo=1, routed)           0.942     8.340    counter[0]_i_6_n_0
    SLICE_X112Y87        LUT6 (Prop_lut6_I1_O)        0.124     8.464 r  counter[0]_i_3/O
                         net (fo=2, routed)           0.182     8.646    counter[0]_i_3_n_0
    SLICE_X112Y87        LUT2 (Prop_lut2_I0_O)        0.124     8.770 r  counter[0]_i_1/O
                         net (fo=26, routed)          0.923     9.693    counter[0]_i_1_n_0
    SLICE_X113Y87        FDRE                                         r  counter_reg[4]/R
  -------------------------------------------------------------------    -------------------

                         (clock sys_clk_pin rise edge)
                                                     10.000    10.000 r  <hidden>
    H16                                               0.000    10.000 r  clk
                         net (fo=0)                   0.000    10.000    clk
    H16                  IBUF (Prop_ibuf_I_O)         1.380    11.380 r  clk_IBUF_inst/O
                         net (fo=1, routed)           2.293    13.673    clk_IBUF
    BUFGCTRL_X0Y16       BUFG (Prop_bufg_I_O)         0.091    13.764 r  clk_IBUF_BUFG_inst/O
                         net (fo=27, routed)          1.682    15.446    clk_IBUF_BUFG
    SLICE_X113Y87        FDRE                                         r  counter_reg[4]/C
                         clock pessimism              0.463    15.910    <hidden>
                         clock uncertainty           -0.035    15.874    <hidden>
    SLICE_X113Y87        FDRE (Setup_fdre_C_R)       -0.429    15.445    counter_reg[4]
  -------------------------------------------------------------------
                         required time                         15.445    <hidden>
                         arrival time                          -9.693    <hidden>
  -------------------------------------------------------------------
                         slack                                  5.752    <hidden>

Slack (MET) :             5.752ns  (required time - arrival time)
  Source:                 counter_reg[25]/C
                            (rising edge-triggered cell FDRE clocked by sys_clk_pin  {rise@0.000ns fall@5.000ns period=10.000ns})
  Destination:            counter_reg[5]/R
                            (rising edge-triggered cell FDRE clocked by sys_clk_pin  {rise@0.000ns fall@5.000ns period=10.000ns})
  Path Group:             sys_clk_pin
  Path Type:              Setup (Max at Slow Process Corner)
  Requirement:            10.000ns  (sys_clk_pin rise@10.000ns - sys_clk_pin rise@0.000ns)
  Data Path Delay:        3.755ns  (logic 0.828ns (22.049%)  route 2.927ns (77.951%))
  Logic Levels:           3  (LUT2=1 LUT6=2)
  Clock Path Skew:        -0.028ns (DCD - SCD + CPR)
    Destination Clock Delay (DCD):    5.446ns = ( 15.446 - 10.000 ) 
    Source Clock Delay      (SCD):    5.938ns
    Clock Pessimism Removal (CPR):    0.463ns
  Clock Uncertainty:      0.035ns  ((TSJ^2 + TIJ^2)^1/2 + DJ) / 2 + PE
    Total System Jitter     (TSJ):    0.071ns
    Total Input Jitter      (TIJ):    0.000ns
    Discrete Jitter          (DJ):    0.000ns
    Phase Error              (PE):    0.000ns

    Location             Delay type                Incr(ns)  Path(ns)    Netlist Resource(s)
  -------------------------------------------------------------------    -------------------
                         (clock sys_clk_pin rise edge)
                                                      0.000     0.000 r  <hidden>
    H16                                               0.000     0.000 r  clk
                         net (fo=0)                   0.000     0.000    clk
    H16                  IBUF (Prop_ibuf_I_O)         1.451     1.451 r  clk_IBUF_inst/O
                         net (fo=1, routed)           2.522     3.973    clk_IBUF
    BUFGCTRL_X0Y16       BUFG (Prop_bufg_I_O)         0.101     4.074 r  clk_IBUF_BUFG_inst/O
                         net (fo=27, routed)          1.864     5.938    clk_IBUF_BUFG
    SLICE_X113Y92        FDRE                                         r  counter_reg[25]/C
  -------------------------------------------------------------------    -------------------
    SLICE_X113Y92        FDRE (Prop_fdre_C_Q)         0.456     6.394 r  counter_reg[25]/Q
                         net (fo=2, routed)           0.881     7.274    counter_reg[25]
    SLICE_X112Y91        LUT6 (Prop_lut6_I5_O)        0.124     7.398 r  counter[0]_i_6/O
                         net (fo=1, routed)           0.942     8.340    counter[0]_i_6_n_0
    SLICE_X112Y87        LUT6 (Prop_lut6_I1_O)        0.124     8.464 r  counter[0]_i_3/O
                         net (fo=2, routed)           0.182     8.646    counter[0]_i_3_n_0
    SLICE_X112Y87        LUT2 (Prop_lut2_I0_O)        0.124     8.770 r  counter[0]_i_1/O
                         net (fo=26, routed)          0.923     9.693    counter[0]_i_1_n_0
    SLICE_X113Y87        FDRE                                         r  counter_reg[5]/R
  -------------------------------------------------------------------    -------------------

                         (clock sys_clk_pin rise edge)
                                                     10.000    10.000 r  <hidden>
    H16                                               0.000    10.000 r  clk
                         net (fo=0)                   0.000    10.000    clk
    H16                  IBUF (Prop_ibuf_I_O)         1.380    11.380 r  clk_IBUF_inst/O
                         net (fo=1, routed)           2.293    13.673    clk_IBUF
    BUFGCTRL_X0Y16       BUFG (Prop_bufg_I_O)         0.091    13.764 r  clk_IBUF_BUFG_inst/O
                         net (fo=27, routed)          1.682    15.446    clk_IBUF_BUFG
    SLICE_X113Y87        FDRE                                         r  counter_reg[5]/C
                         clock pessimism              0.463    15.910    <hidden>
                         clock uncertainty           -0.035    15.874    <hidden>
    SLICE_X113Y87        FDRE (Setup_fdre_C_R)       -0.429    15.445    counter_reg[5]
  -------------------------------------------------------------------
                         required time                         15.445    <hidden>
                         arrival time                          -9.693    <hidden>
  -------------------------------------------------------------------
                         slack                                  5.752    <hidden>

Slack (MET) :             5.752ns  (required time - arrival time)
  Source:                 counter_reg[25]/C
                            (rising edge-triggered cell FDRE clocked by sys_clk_pin  {rise@0.000ns fall@5.000ns period=10.000ns})
  Destination:            counter_reg[6]/R
                            (rising edge-triggered cell FDRE clocked by sys_clk_pin  {rise@0.000ns fall@5.000ns period=10.000ns})
  Path Group:             sys_clk_pin
  Path Type:              Setup (Max at Slow Process Corner)
  Requirement:            10.000ns  (sys_clk_pin rise@10.000ns - sys_clk_pin rise@0.000ns)
  Data Path Delay:        3.755ns  (logic 0.828ns (22.049%)  route 2.927ns (77.951%))
  Logic Levels:           3  (LUT2=1 LUT6=2)
  Clock Path Skew:        -0.028ns (DCD - SCD + CPR)
    Destination Clock Delay (DCD):    5.446ns = ( 15.446 - 10.000 ) 
    Source Clock Delay      (SCD):    5.938ns
    Clock Pessimism Removal (CPR):    0.463ns
  Clock Uncertainty:      0.035ns  ((TSJ^2 + TIJ^2)^1/2 + DJ) / 2 + PE
    Total System Jitter     (TSJ):    0.071ns
    Total Input Jitter      (TIJ):    0.000ns
    Discrete Jitter          (DJ):    0.000ns
    Phase Error              (PE):    0.000ns

    Location             Delay type                Incr(ns)  Path(ns)    Netlist Resource(s)
  -------------------------------------------------------------------    -------------------
                         (clock sys_clk_pin rise edge)
                                                      0.000     0.000 r  <hidden>
    H16                                               0.000     0.000 r  clk
                         net (fo=0)                   0.000     0.000    clk
    H16                  IBUF (Prop_ibuf_I_O)         1.451     1.451 r  clk_IBUF_inst/O
                         net (fo=1, routed)           2.522     3.973    clk_IBUF
    BUFGCTRL_X0Y16       BUFG (Prop_bufg_I_O)         0.101     4.074 r  clk_IBUF_BUFG_inst/O
                         net (fo=27, routed)          1.864     5.938    clk_IBUF_BUFG
    SLICE_X113Y92        FDRE                                         r  counter_reg[25]/C
  -------------------------------------------------------------------    -------------------
    SLICE_X113Y92        FDRE (Prop_fdre_C_Q)         0.456     6.394 r  counter_reg[25]/Q
                         net (fo=2, routed)           0.881     7.274    counter_reg[25]
    SLICE_X112Y91        LUT6 (Prop_lut6_I5_O)        0.124     7.398 r  counter[0]_i_6/O
                         net (fo=1, routed)           0.942     8.340    counter[0]_i_6_n_0
    SLICE_X112Y87        LUT6 (Prop_lut6_I1_O)        0.124     8.464 r  counter[0]_i_3/O
                         net (fo=2, routed)           0.182     8.646    counter[0]_i_3_n_0
    SLICE_X112Y87        LUT2 (Prop_lut2_I0_O)        0.124     8.770 r  counter[0]_i_1/O
                         net (fo=26, routed)          0.923     9.693    counter[0]_i_1_n_0
    SLICE_X113Y87        FDRE                                         r  counter_reg[6]/R
  -------------------------------------------------------------------    -------------------

                         (clock sys_clk_pin rise edge)
                                                     10.000    10.000 r  <hidden>
    H16                                               0.000    10.000 r  clk
                         net (fo=0)                   0.000    10.000    clk
    H16                  IBUF (Prop_ibuf_I_O)         1.380    11.380 r  clk_IBUF_inst/O
                         net (fo=1, routed)           2.293    13.673    clk_IBUF
    BUFGCTRL_X0Y16       BUFG (Prop_bufg_I_O)         0.091    13.764 r  clk_IBUF_BUFG_inst/O
                         net (fo=27, routed)          1.682    15.446    clk_IBUF_BUFG
    SLICE_X113Y87        FDRE                                         r  counter_reg[6]/C
                         clock pessimism              0.463    15.910    <hidden>
                         clock uncertainty           -0.035    15.874    <hidden>
    SLICE_X113Y87        FDRE (Setup_fdre_C_R)       -0.429    15.445    counter_reg[6]
  -------------------------------------------------------------------
                         required time                         15.445    <hidden>
                         arrival time                          -9.693    <hidden>
  -------------------------------------------------------------------
                         slack                                  5.752    <hidden>

Slack (MET) :             5.752ns  (required time - arrival time)
  Source:                 counter_reg[25]/C
                            (rising edge-triggered cell FDRE clocked by sys_clk_pin  {rise@0.000ns fall@5.000ns period=10.000ns})
  Destination:            counter_reg[7]/R
                            (rising edge-triggered cell FDRE clocked by sys_clk_pin  {rise@0.000ns fall@5.000ns period=10.000ns})
  Path Group:             sys_clk_pin
  Path Type:              Setup (Max at Slow Process Corner)
  Requirement:            10.000ns  (sys_clk_pin rise@10.000ns - sys_clk_pin rise@0.000ns)
  Data Path Delay:        3.755ns  (logic 0.828ns (22.049%)  route 2.927ns (77.951%))
  Logic Levels:           3  (LUT2=1 LUT6=2)
  Clock Path Skew:        -0.028ns (DCD - SCD + CPR)
    Destination Clock Delay (DCD):    5.446ns = ( 15.446 - 10.000 ) 
    Source Clock Delay      (SCD):    5.938ns
    Clock Pessimism Removal (CPR):    0.463ns
  Clock Uncertainty:      0.035ns  ((TSJ^2 + TIJ^2)^1/2 + DJ) / 2 + PE
    Total System Jitter     (TSJ):    0.071ns
    Total Input Jitter      (TIJ):    0.000ns
    Discrete Jitter          (DJ):    0.000ns
    Phase Error              (PE):    0.000ns

    Location             Delay type                Incr(ns)  Path(ns)    Netlist Resource(s)
  -------------------------------------------------------------------    -------------------
                         (clock sys_clk_pin rise edge)
                                                      0.000     0.000 r  <hidden>
    H16                                               0.000     0.000 r  clk
                         net (fo=0)                   0.000     0.000    clk
    H16                  IBUF (Prop_ibuf_I_O)         1.451     1.451 r  clk_IBUF_inst/O
                         net (fo=1, routed)           2.522     3.973    clk_IBUF
    BUFGCTRL_X0Y16       BUFG (Prop_bufg_I_O)         0.101     4.074 r  clk_IBUF_BUFG_inst/O
                         net (fo=27, routed)          1.864     5.938    clk_IBUF_BUFG
    SLICE_X113Y92        FDRE                                         r  counter_reg[25]/C
  -------------------------------------------------------------------    -------------------
    SLICE_X113Y92        FDRE (Prop_fdre_C_Q)         0.456     6.394 r  counter_reg[25]/Q
                         net (fo=2, routed)           0.881     7.274    counter_reg[25]
    SLICE_X112Y91        LUT6 (Prop_lut6_I5_O)        0.124     7.398 r  counter[0]_i_6/O
                         net (fo=1, routed)           0.942     8.340    counter[0]_i_6_n_0
    SLICE_X112Y87        LUT6 (Prop_lut6_I1_O)        0.124     8.464 r  counter[0]_i_3/O
                         net (fo=2, routed)           0.182     8.646    counter[0]_i_3_n_0
    SLICE_X112Y87        LUT2 (Prop_lut2_I0_O)        0.124     8.770 r  counter[0]_i_1/O
                         net (fo=26, routed)          0.923     9.693    counter[0]_i_1_n_0
    SLICE_X113Y87        FDRE                                         r  counter_reg[7]/R
  -------------------------------------------------------------------    -------------------

                         (clock sys_clk_pin rise edge)
                                                     10.000    10.000 r  <hidden>
    H16                                               0.000    10.000 r  clk
                         net (fo=0)                   0.000    10.000    clk
    H16                  IBUF (Prop_ibuf_I_O)         1.380    11.380 r  clk_IBUF_inst/O
                         net (fo=1, routed)           2.293    13.673    clk_IBUF
    BUFGCTRL_X0Y16       BUFG (Prop_bufg_I_O)         0.091    13.764 r  clk_IBUF_BUFG_inst/O
                         net (fo=27, routed)          1.682    15.446    clk_IBUF_BUFG
    SLICE_X113Y87        FDRE                                         r  counter_reg[7]/C
                         clock pessimism              0.463    15.910    <hidden>
                         clock uncertainty           -0.035    15.874    <hidden>
    SLICE_X113Y87        FDRE (Setup_fdre_C_R)       -0.429    15.445    counter_reg[7]
  -------------------------------------------------------------------
                         required time                         15.445    <hidden>
                         arrival time                          -9.693    <hidden>
  -------------------------------------------------------------------
                         slack                                  5.752    <hidden>

Slack (MET) :             5.766ns  (required time - arrival time)
  Source:                 counter_reg[25]/C
                            (rising edge-triggered cell FDRE clocked by sys_clk_pin  {rise@0.000ns fall@5.000ns period=10.000ns})
  Destination:            counter_reg[24]/R
                            (rising edge-triggered cell FDRE clocked by sys_clk_pin  {rise@0.000ns fall@5.000ns period=10.000ns})
  Path Group:             sys_clk_pin
  Path Type:              Setup (Max at Slow Process Corner)
  Requirement:            10.000ns  (sys_clk_pin rise@10.000ns - sys_clk_pin rise@0.000ns)
  Data Path Delay:        3.770ns  (logic 0.828ns (21.965%)  route 2.942ns (78.035%))
  Logic Levels:           3  (LUT2=1 LUT6=2)
  Clock Path Skew:        0.000ns (DCD - SCD + CPR)
    Destination Clock Delay (DCD):    5.449ns = ( 15.449 - 10.000 ) 
    Source Clock Delay      (SCD):    5.938ns
    Clock Pessimism Removal (CPR):    0.488ns
  Clock Uncertainty:      0.035ns  ((TSJ^2 + TIJ^2)^1/2 + DJ) / 2 + PE
    Total System Jitter     (TSJ):    0.071ns
    Total Input Jitter      (TIJ):    0.000ns
    Discrete Jitter          (DJ):    0.000ns
    Phase Error              (PE):    0.000ns

    Location             Delay type                Incr(ns)  Path(ns)    Netlist Resource(s)
  -------------------------------------------------------------------    -------------------
                         (clock sys_clk_pin rise edge)
                                                      0.000     0.000 r  <hidden>
    H16                                               0.000     0.000 r  clk
                         net (fo=0)                   0.000     0.000    clk
    H16                  IBUF (Prop_ibuf_I_O)         1.451     1.451 r  clk_IBUF_inst/O
                         net (fo=1, routed)           2.522     3.973    clk_IBUF
    BUFGCTRL_X0Y16       BUFG (Prop_bufg_I_O)         0.101     4.074 r  clk_IBUF_BUFG_inst/O
                         net (fo=27, routed)          1.864     5.938    clk_IBUF_BUFG
    SLICE_X113Y92        FDRE                                         r  counter_reg[25]/C
  -------------------------------------------------------------------    -------------------
    SLICE_X113Y92        FDRE (Prop_fdre_C_Q)         0.456     6.394 r  counter_reg[25]/Q
                         net (fo=2, routed)           0.881     7.274    counter_reg[25]
    SLICE_X112Y91        LUT6 (Prop_lut6_I5_O)        0.124     7.398 r  counter[0]_i_6/O
                         net (fo=1, routed)           0.942     8.340    counter[0]_i_6_n_0
    SLICE_X112Y87        LUT6 (Prop_lut6_I1_O)        0.124     8.464 r  counter[0]_i_3/O
                         net (fo=2, routed)           0.182     8.646    counter[0]_i_3_n_0
    SLICE_X112Y87        LUT2 (Prop_lut2_I0_O)        0.124     8.770 r  counter[0]_i_1/O
                         net (fo=26, routed)          0.937     9.707    counter[0]_i_1_n_0
    SLICE_X113Y92        FDRE                                         r  counter_reg[24]/R
  -------------------------------------------------------------------    -------------------

                         (clock sys_clk_pin rise edge)
                                                     10.000    10.000 r  <hidden>
    H16                                               0.000    10.000 r  clk
                         net (fo=0)                   0.000    10.000    clk
    H16                  IBUF (Prop_ibuf_I_O)         1.380    11.380 r  clk_IBUF_inst/O
                         net (fo=1, routed)           2.293    13.673    clk_IBUF
    BUFGCTRL_X0Y16       BUFG (Prop_bufg_I_O)         0.091    13.764 r  clk_IBUF_BUFG_inst/O
                         net (fo=27, routed)          1.685    15.449    clk_IBUF_BUFG
    SLICE_X113Y92        FDRE                                         r  counter_reg[24]/C
                         clock pessimism              0.488    15.938    <hidden>
                         clock uncertainty           -0.035    15.902    <hidden>
    SLICE_X113Y92        FDRE (Setup_fdre_C_R)       -0.429    15.473    counter_reg[24]
  -------------------------------------------------------------------
                         required time                         15.473    <hidden>
                         arrival time                          -9.707    <hidden>
  -------------------------------------------------------------------
                         slack                                  5.766    <hidden>

Slack (MET) :             5.766ns  (required time - arrival time)
  Source:                 counter_reg[25]/C
                            (rising edge-triggered cell FDRE clocked by sys_clk_pin  {rise@0.000ns fall@5.000ns period=10.000ns})
  Destination:            counter_reg[25]/R
                            (rising edge-triggered cell FDRE clocked by sys_clk_pin  {rise@0.000ns fall@5.000ns period=10.000ns})
  Path Group:             sys_clk_pin
  Path Type:              Setup (Max at Slow Process Corner)
  Requirement:            10.000ns  (sys_clk_pin rise@10.000ns - sys_clk_pin rise@0.000ns)
  Data Path Delay:        3.770ns  (logic 0.828ns (21.965%)  route 2.942ns (78.035%))
  Logic Levels:           3  (LUT2=1 LUT6=2)
  Clock Path Skew:        0.000ns (DCD - SCD + CPR)
    Destination Clock Delay (DCD):    5.449ns = ( 15.449 - 10.000 ) 
    Source Clock Delay      (SCD):    5.938ns
    Clock Pessimism Removal (CPR):    0.488ns
  Clock Uncertainty:      0.035ns  ((TSJ^2 + TIJ^2)^1/2 + DJ) / 2 + PE
    Total System Jitter     (TSJ):    0.071ns
    Total Input Jitter      (TIJ):    0.000ns
    Discrete Jitter          (DJ):    0.000ns
    Phase Error              (PE):    0.000ns

    Location             Delay type                Incr(ns)  Path(ns)    Netlist Resource(s)
  -------------------------------------------------------------------    -------------------
                         (clock sys_clk_pin rise edge)
                                                      0.000     0.000 r  <hidden>
    H16                                               0.000     0.000 r  clk
                         net (fo=0)                   0.000     0.000    clk
    H16                  IBUF (Prop_ibuf_I_O)         1.451     1.451 r  clk_IBUF_inst/O
                         net (fo=1, routed)           2.522     3.973    clk_IBUF
    BUFGCTRL_X0Y16       BUFG (Prop_bufg_I_O)         0.101     4.074 r  clk_IBUF_BUFG_inst/O
                         net (fo=27, routed)          1.864     5.938    clk_IBUF_BUFG
    SLICE_X113Y92        FDRE                                         r  counter_reg[25]/C
  -------------------------------------------------------------------    -------------------
    SLICE_X113Y92        FDRE (Prop_fdre_C_Q)         0.456     6.394 r  counter_reg[25]/Q
                         net (fo=2, routed)           0.881     7.274    counter_reg[25]
    SLICE_X112Y91        LUT6 (Prop_lut6_I5_O)        0.124     7.398 r  counter[0]_i_6/O
                         net (fo=1, routed)           0.942     8.340    counter[0]_i_6_n_0
    SLICE_X112Y87        LUT6 (Prop_lut6_I1_O)        0.124     8.464 r  counter[0]_i_3/O
                         net (fo=2, routed)           0.182     8.646    counter[0]_i_3_n_0
    SLICE_X112Y87        LUT2 (Prop_lut2_I0_O)        0.124     8.770 r  counter[0]_i_1/O
                         net (fo=26, routed)          0.937     9.707    counter[0]_i_1_n_0
    SLICE_X113Y92        FDRE                                         r  counter_reg[25]/R
  -------------------------------------------------------------------    -------------------

                         (clock sys_clk_pin rise edge)
                                                     10.000    10.000 r  <hidden>
    H16                                               0.000    10.000 r  clk
                         net (fo=0)                   0.000    10.000    clk
    H16                  IBUF (Prop_ibuf_I_O)         1.380    11.380 r  clk_IBUF_inst/O
                         net (fo=1, routed)           2.293    13.673    clk_IBUF
    BUFGCTRL_X0Y16       BUFG (Prop_bufg_I_O)         0.091    13.764 r  clk_IBUF_BUFG_inst/O
                         net (fo=27, routed)          1.685    15.449    clk_IBUF_BUFG
    SLICE_X113Y92        FDRE                                         r  counter_reg[25]/C
                         clock pessimism              0.488    15.938    <hidden>
                         clock uncertainty           -0.035    15.902    <hidden>
    SLICE_X113Y92        FDRE (Setup_fdre_C_R)       -0.429    15.473    counter_reg[25]
  -------------------------------------------------------------------
                         required time                         15.473    <hidden>
                         arrival time                          -9.707    <hidden>
  -------------------------------------------------------------------
                         slack                                  5.766    <hidden>

Slack (MET) :             5.879ns  (required time - arrival time)
  Source:                 counter_reg[25]/C
                            (rising edge-triggered cell FDRE clocked by sys_clk_pin  {rise@0.000ns fall@5.000ns period=10.000ns})
  Destination:            counter_reg[20]/R
                            (rising edge-triggered cell FDRE clocked by sys_clk_pin  {rise@0.000ns fall@5.000ns period=10.000ns})
  Path Group:             sys_clk_pin
  Path Type:              Setup (Max at Slow Process Corner)
  Requirement:            10.000ns  (sys_clk_pin rise@10.000ns - sys_clk_pin rise@0.000ns)
  Data Path Delay:        3.631ns  (logic 0.828ns (22.802%)  route 2.803ns (77.198%))
  Logic Levels:           3  (LUT2=1 LUT6=2)
  Clock Path Skew:        -0.025ns (DCD - SCD + CPR)
    Destination Clock Delay (DCD):    5.449ns = ( 15.449 - 10.000 ) 
    Source Clock Delay      (SCD):    5.938ns
    Clock Pessimism Removal (CPR):    0.463ns
  Clock Uncertainty:      0.035ns  ((TSJ^2 + TIJ^2)^1/2 + DJ) / 2 + PE
    Total System Jitter     (TSJ):    0.071ns
    Total Input Jitter      (TIJ):    0.000ns
    Discrete Jitter          (DJ):    0.000ns
    Phase Error              (PE):    0.000ns

    Location             Delay type                Incr(ns)  Path(ns)    Netlist Resource(s)
  -------------------------------------------------------------------    -------------------
                         (clock sys_clk_pin rise edge)
                                                      0.000     0.000 r  <hidden>
    H16                                               0.000     0.000 r  clk
                         net (fo=0)                   0.000     0.000    clk
    H16                  IBUF (Prop_ibuf_I_O)         1.451     1.451 r  clk_IBUF_inst/O
                         net (fo=1, routed)           2.522     3.973    clk_IBUF
    BUFGCTRL_X0Y16       BUFG (Prop_bufg_I_O)         0.101     4.074 r  clk_IBUF_BUFG_inst/O
                         net (fo=27, routed)          1.864     5.938    clk_IBUF_BUFG
    SLICE_X113Y92        FDRE                                         r  counter_reg[25]/C
  -------------------------------------------------------------------    -------------------
    SLICE_X113Y92        FDRE (Prop_fdre_C_Q)         0.456     6.394 r  counter_reg[25]/Q
                         net (fo=2, routed)           0.881     7.274    counter_reg[25]
    SLICE_X112Y91        LUT6 (Prop_lut6_I5_O)        0.124     7.398 r  counter[0]_i_6/O
                         net (fo=1, routed)           0.942     8.340    counter[0]_i_6_n_0
    SLICE_X112Y87        LUT6 (Prop_lut6_I1_O)        0.124     8.464 r  counter[0]_i_3/O
                         net (fo=2, routed)           0.182     8.646    counter[0]_i_3_n_0
    SLICE_X112Y87        LUT2 (Prop_lut2_I0_O)        0.124     8.770 r  counter[0]_i_1/O
                         net (fo=26, routed)          0.799     9.569    counter[0]_i_1_n_0
    SLICE_X113Y91        FDRE                                         r  counter_reg[20]/R
  -------------------------------------------------------------------    -------------------

                         (clock sys_clk_pin rise edge)
                                                     10.000    10.000 r  <hidden>
    H16                                               0.000    10.000 r  clk
                         net (fo=0)                   0.000    10.000    clk
    H16                  IBUF (Prop_ibuf_I_O)         1.380    11.380 r  clk_IBUF_inst/O
                         net (fo=1, routed)           2.293    13.673    clk_IBUF
    BUFGCTRL_X0Y16       BUFG (Prop_bufg_I_O)         0.091    13.764 r  clk_IBUF_BUFG_inst/O
                         net (fo=27, routed)          1.685    15.449    clk_IBUF_BUFG
    SLICE_X113Y91        FDRE                                         r  counter_reg[20]/C
                         clock pessimism              0.463    15.913    <hidden>
                         clock uncertainty           -0.035    15.877    <hidden>
    SLICE_X113Y91        FDRE (Setup_fdre_C_R)       -0.429    15.448    counter_reg[20]
  -------------------------------------------------------------------
                         required time                         15.448    <hidden>
                         arrival time                          -9.569    <hidden>
  -------------------------------------------------------------------
                         slack                                  5.879    <hidden>

Slack (MET) :             5.879ns  (required time - arrival time)
  Source:                 counter_reg[25]/C
                            (rising edge-triggered cell FDRE clocked by sys_clk_pin  {rise@0.000ns fall@5.000ns period=10.000ns})
  Destination:            counter_reg[21]/R
                            (rising edge-triggered cell FDRE clocked by sys_clk_pin  {rise@0.000ns fall@5.000ns period=10.000ns})
  Path Group:             sys_clk_pin
  Path Type:              Setup (Max at Slow Process Corner)
  Requirement:            10.000ns  (sys_clk_pin rise@10.000ns - sys_clk_pin rise@0.000ns)
  Data Path Delay:        3.631ns  (logic 0.828ns (22.802%)  route 2.803ns (77.198%))
  Logic Levels:           3  (LUT2=1 LUT6=2)
  Clock Path Skew:        -0.025ns (DCD - SCD + CPR)
    Destination Clock Delay (DCD):    5.449ns = ( 15.449 - 10.000 ) 
    Source Clock Delay      (SCD):    5.938ns
    Clock Pessimism Removal (CPR):    0.463ns
  Clock Uncertainty:      0.035ns  ((TSJ^2 + TIJ^2)^1/2 + DJ) / 2 + PE
    Total System Jitter     (TSJ):    0.071ns
    Total Input Jitter      (TIJ):    0.000ns
    Discrete Jitter          (DJ):    0.000ns
    Phase Error              (PE):    0.000ns

    Location             Delay type                Incr(ns)  Path(ns)    Netlist Resource(s)
  -------------------------------------------------------------------    -------------------
                         (clock sys_clk_pin rise edge)
                                                      0.000     0.000 r  <hidden>
    H16                                               0.000     0.000 r  clk
                         net (fo=0)                   0.000     0.000    clk
    H16                  IBUF (Prop_ibuf_I_O)         1.451     1.451 r  clk_IBUF_inst/O
                         net (fo=1, routed)           2.522     3.973    clk_IBUF
    BUFGCTRL_X0Y16       BUFG (Prop_bufg_I_O)         0.101     4.074 r  clk_IBUF_BUFG_inst/O
                         net (fo=27, routed)          1.864     5.938    clk_IBUF_BUFG
    SLICE_X113Y92        FDRE                                         r  counter_reg[25]/C
  -------------------------------------------------------------------    -------------------
    SLICE_X113Y92        FDRE (Prop_fdre_C_Q)         0.456     6.394 r  counter_reg[25]/Q
                         net (fo=2, routed)           0.881     7.274    counter_reg[25]
    SLICE_X112Y91        LUT6 (Prop_lut6_I5_O)        0.124     7.398 r  counter[0]_i_6/O
                         net (fo=1, routed)           0.942     8.340    counter[0]_i_6_n_0
    SLICE_X112Y87        LUT6 (Prop_lut6_I1_O)        0.124     8.464 r  counter[0]_i_3/O
                         net (fo=2, routed)           0.182     8.646    counter[0]_i_3_n_0
    SLICE_X112Y87        LUT2 (Prop_lut2_I0_O)        0.124     8.770 r  counter[0]_i_1/O
                         net (fo=26, routed)          0.799     9.569    counter[0]_i_1_n_0
    SLICE_X113Y91        FDRE                                         r  counter_reg[21]/R
  -------------------------------------------------------------------    -------------------

                         (clock sys_clk_pin rise edge)
                                                     10.000    10.000 r  <hidden>
    H16                                               0.000    10.000 r  clk
                         net (fo=0)                   0.000    10.000    clk
    H16                  IBUF (Prop_ibuf_I_O)         1.380    11.380 r  clk_IBUF_inst/O
                         net (fo=1, routed)           2.293    13.673    clk_IBUF
    BUFGCTRL_X0Y16       BUFG (Prop_bufg_I_O)         0.091    13.764 r  clk_IBUF_BUFG_inst/O
                         net (fo=27, routed)          1.685    15.449    clk_IBUF_BUFG
    SLICE_X113Y91        FDRE                                         r  counter_reg[21]/C
                         clock pessimism              0.463    15.913    <hidden>
                         clock uncertainty           -0.035    15.877    <hidden>
    SLICE_X113Y91        FDRE (Setup_fdre_C_R)       -0.429    15.448    counter_reg[21]
  -------------------------------------------------------------------
                         required time                         15.448    <hidden>
                         arrival time                          -9.569    <hidden>
  -------------------------------------------------------------------
                         slack                                  5.879    <hidden>

Slack (MET) :             5.879ns  (required time - arrival time)
  Source:                 counter_reg[25]/C
                            (rising edge-triggered cell FDRE clocked by sys_clk_pin  {rise@0.000ns fall@5.000ns period=10.000ns})
  Destination:            counter_reg[22]/R
                            (rising edge-triggered cell FDRE clocked by sys_clk_pin  {rise@0.000ns fall@5.000ns period=10.000ns})
  Path Group:             sys_clk_pin
  Path Type:              Setup (Max at Slow Process Corner)
  Requirement:            10.000ns  (sys_clk_pin rise@10.000ns - sys_clk_pin rise@0.000ns)
  Data Path Delay:        3.631ns  (logic 0.828ns (22.802%)  route 2.803ns (77.198%))
  Logic Levels:           3  (LUT2=1 LUT6=2)
  Clock Path Skew:        -0.025ns (DCD - SCD + CPR)
    Destination Clock Delay (DCD):    5.449ns = ( 15.449 - 10.000 ) 
    Source Clock Delay      (SCD):    5.938ns
    Clock Pessimism Removal (CPR):    0.463ns
  Clock Uncertainty:      0.035ns  ((TSJ^2 + TIJ^2)^1/2 + DJ) / 2 + PE
    Total System Jitter     (TSJ):    0.071ns
    Total Input Jitter      (TIJ):    0.000ns
    Discrete Jitter          (DJ):    0.000ns
    Phase Error              (PE):    0.000ns

    Location             Delay type                Incr(ns)  Path(ns)    Netlist Resource(s)
  -------------------------------------------------------------------    -------------------
                         (clock sys_clk_pin rise edge)
                                                      0.000     0.000 r  <hidden>
    H16                                               0.000     0.000 r  clk
                         net (fo=0)                   0.000     0.000    clk
    H16                  IBUF (Prop_ibuf_I_O)         1.451     1.451 r  clk_IBUF_inst/O
                         net (fo=1, routed)           2.522     3.973    clk_IBUF
    BUFGCTRL_X0Y16       BUFG (Prop_bufg_I_O)         0.101     4.074 r  clk_IBUF_BUFG_inst/O
                         net (fo=27, routed)          1.864     5.938    clk_IBUF_BUFG
    SLICE_X113Y92        FDRE                                         r  counter_reg[25]/C
  -------------------------------------------------------------------    -------------------
    SLICE_X113Y92        FDRE (Prop_fdre_C_Q)         0.456     6.394 r  counter_reg[25]/Q
                         net (fo=2, routed)           0.881     7.274    counter_reg[25]
    SLICE_X112Y91        LUT6 (Prop_lut6_I5_O)        0.124     7.398 r  counter[0]_i_6/O
                         net (fo=1, routed)           0.942     8.340    counter[0]_i_6_n_0
    SLICE_X112Y87        LUT6 (Prop_lut6_I1_O)        0.124     8.464 r  counter[0]_i_3/O
                         net (fo=2, routed)           0.182     8.646    counter[0]_i_3_n_0
    SLICE_X112Y87        LUT2 (Prop_lut2_I0_O)        0.124     8.770 r  counter[0]_i_1/O
                         net (fo=26, routed)          0.799     9.569    counter[0]_i_1_n_0
    SLICE_X113Y91        FDRE                                         r  counter_reg[22]/R
  -------------------------------------------------------------------    -------------------

                         (clock sys_clk_pin rise edge)
                                                     10.000    10.000 r  <hidden>
    H16                                               0.000    10.000 r  clk
                         net (fo=0)                   0.000    10.000    clk
    H16                  IBUF (Prop_ibuf_I_O)         1.380    11.380 r  clk_IBUF_inst/O
                         net (fo=1, routed)           2.293    13.673    clk_IBUF
    BUFGCTRL_X0Y16       BUFG (Prop_bufg_I_O)         0.091    13.764 r  clk_IBUF_BUFG_inst/O
                         net (fo=27, routed)          1.685    15.449    clk_IBUF_BUFG
    SLICE_X113Y91        FDRE                                         r  counter_reg[22]/C
                         clock pessimism              0.463    15.913    <hidden>
                         clock uncertainty           -0.035    15.877    <hidden>
    SLICE_X113Y91        FDRE (Setup_fdre_C_R)       -0.429    15.448    counter_reg[22]
  -------------------------------------------------------------------
                         required time                         15.448    <hidden>
                         arrival time                          -9.569    <hidden>
  -------------------------------------------------------------------
                         slack                                  5.879    <hidden>

Slack (MET) :             5.879ns  (required time - arrival time)
  Source:                 counter_reg[25]/C
                            (rising edge-triggered cell FDRE clocked by sys_clk_pin  {rise@0.000ns fall@5.000ns period=10.000ns})
  Destination:            counter_reg[23]/R
                            (rising edge-triggered cell FDRE clocked by sys_clk_pin  {rise@0.000ns fall@5.000ns period=10.000ns})
  Path Group:             sys_clk_pin
  Path Type:              Setup (Max at Slow Process Corner)
  Requirement:            10.000ns  (sys_clk_pin rise@10.000ns - sys_clk_pin rise@0.000ns)
  Data Path Delay:        3.631ns  (logic 0.828ns (22.802%)  route 2.803ns (77.198%))
  Logic Levels:           3  (LUT2=1 LUT6=2)
  Clock Path Skew:        -0.025ns (DCD - SCD + CPR)
    Destination Clock Delay (DCD):    5.449ns = ( 15.449 - 10.000 ) 
    Source Clock Delay      (SCD):    5.938ns
    Clock Pessimism Removal (CPR):    0.463ns
  Clock Uncertainty:      0.035ns  ((TSJ^2 + TIJ^2)^1/2 + DJ) / 2 + PE
    Total System Jitter     (TSJ):    0.071ns
    Total Input Jitter      (TIJ):    0.000ns
    Discrete Jitter          (DJ):    0.000ns
    Phase Error              (PE):    0.000ns

    Location             Delay type                Incr(ns)  Path(ns)    Netlist Resource(s)
  -------------------------------------------------------------------    -------------------
                         (clock sys_clk_pin rise edge)
                                                      0.000     0.000 r  <hidden>
    H16                                               0.000     0.000 r  clk
                         net (fo=0)                   0.000     0.000    clk
    H16                  IBUF (Prop_ibuf_I_O)         1.451     1.451 r  clk_IBUF_inst/O
                         net (fo=1, routed)           2.522     3.973    clk_IBUF
    BUFGCTRL_X0Y16       BUFG (Prop_bufg_I_O)         0.101     4.074 r  clk_IBUF_BUFG_inst/O
                         net (fo=27, routed)          1.864     5.938    clk_IBUF_BUFG
    SLICE_X113Y92        FDRE                                         r  counter_reg[25]/C
  -------------------------------------------------------------------    -------------------
    SLICE_X113Y92        FDRE (Prop_fdre_C_Q)         0.456     6.394 r  counter_reg[25]/Q
                         net (fo=2, routed)           0.881     7.274    counter_reg[25]
    SLICE_X112Y91        LUT6 (Prop_lut6_I5_O)        0.124     7.398 r  counter[0]_i_6/O
                         net (fo=1, routed)           0.942     8.340    counter[0]_i_6_n_0
    SLICE_X112Y87        LUT6 (Prop_lut6_I1_O)        0.124     8.464 r  counter[0]_i_3/O
                         net (fo=2, routed)           0.182     8.646    counter[0]_i_3_n_0
    SLICE_X112Y87        LUT2 (Prop_lut2_I0_O)        0.124     8.770 r  counter[0]_i_1/O
                         net (fo=26, routed)          0.799     9.569    counter[0]_i_1_n_0
    SLICE_X113Y91        FDRE                                         r  counter_reg[23]/R
  -------------------------------------------------------------------    -------------------

                         (clock sys_clk_pin rise edge)
                                                     10.000    10.000 r  <hidden>
    H16                                               0.000    10.000 r  clk
                         net (fo=0)                   0.000    10.000    clk
    H16                  IBUF (Prop_ibuf_I_O)         1.380    11.380 r  clk_IBUF_inst/O
                         net (fo=1, routed)           2.293    13.673    clk_IBUF
    BUFGCTRL_X0Y16       BUFG (Prop_bufg_I_O)         0.091    13.764 r  clk_IBUF_BUFG_inst/O
                         net (fo=27, routed)          1.685    15.449    clk_IBUF_BUFG
    SLICE_X113Y91        FDRE                                         r  counter_reg[23]/C
                         clock pessimism              0.463    15.913    <hidden>
                         clock uncertainty           -0.035    15.877    <hidden>
    SLICE_X113Y91        FDRE (Setup_fdre_C_R)       -0.429    15.448    counter_reg[23]
  -------------------------------------------------------------------
                         required time                         15.448    <hidden>
                         arrival time                          -9.569    <hidden>
  -------------------------------------------------------------------
                         slack                                  5.879    <hidden>





Min Delay Paths
--------------------------------------------------------------------------------------
Slack (MET) :             0.261ns  (arrival time - required time)
  Source:                 counter_reg[11]/C
                            (rising edge-triggered cell FDRE clocked by sys_clk_pin  {rise@0.000ns fall@5.000ns period=10.000ns})
  Destination:            counter_reg[11]/D
                            (rising edge-triggered cell FDRE clocked by sys_clk_pin  {rise@0.000ns fall@5.000ns period=10.000ns})
  Path Group:             sys_clk_pin
  Path Type:              Hold (Min at Fast Process Corner)
  Requirement:            0.000ns  (sys_clk_pin rise@0.000ns - sys_clk_pin rise@0.000ns)
  Data Path Delay:        0.366ns  (logic 0.249ns (67.994%)  route 0.117ns (32.006%))
  Logic Levels:           1  (CARRY4=1)
  Clock Path Skew:        0.000ns (DCD - SCD - CPR)
    Destination Clock Delay (DCD):    2.248ns
    Source Clock Delay      (SCD):    1.720ns
    Clock Pessimism Removal (CPR):    0.528ns

    Location             Delay type                Incr(ns)  Path(ns)    Netlist Resource(s)
  -------------------------------------------------------------------    -------------------
                         (clock sys_clk_pin rise edge)
                                                      0.000     0.000 r  <hidden>
    H16                                               0.000     0.000 r  clk
                         net (fo=0)                   0.000     0.000    clk
    H16                  IBUF (Prop_ibuf_I_O)         0.219     0.219 r  clk_IBUF_inst/O
                         net (fo=1, routed)           0.842     1.060    clk_IBUF
    BUFGCTRL_X0Y16       BUFG (Prop_bufg_I_O)         0.026     1.086 r  clk_IBUF_BUFG_inst/O
                         net (fo=27, routed)          0.634     1.720    clk_IBUF_BUFG
    SLICE_X113Y88        FDRE                                         r  counter_reg[11]/C
  -------------------------------------------------------------------    -------------------
    SLICE_X113Y88        FDRE (Prop_fdre_C_Q)         0.141     1.861 r  counter_reg[11]/Q
                         net (fo=2, routed)           0.117     1.978    counter_reg[11]
    SLICE_X113Y88        CARRY4 (Prop_carry4_S[3]_O[3])
                                                      0.108     2.086 r  counter_reg[8]_i_1/O[3]
                         net (fo=1, routed)           0.000     2.086    counter_reg[8]_i_1_n_4
    SLICE_X113Y88        FDRE                                         r  counter_reg[11]/D
  -------------------------------------------------------------------    -------------------

                         (clock sys_clk_pin rise edge)
                                                      0.000     0.000 r  <hidden>
    H16                                               0.000     0.000 r  clk
                         net (fo=0)                   0.000     0.000    clk
    H16                  IBUF (Prop_ibuf_I_O)         0.406     0.406 r  clk_IBUF_inst/O
                         net (fo=1, routed)           0.907     1.313    clk_IBUF
    BUFGCTRL_X0Y16       BUFG (Prop_bufg_I_O)         0.029     1.342 r  clk_IBUF_BUFG_inst/O
                         net (fo=27, routed)          0.906     2.248    clk_IBUF_BUFG
    SLICE_X113Y88        FDRE                                         r  counter_reg[11]/C
                         clock pessimism             -0.528     1.720    <hidden>
    SLICE_X113Y88        FDRE (Hold_fdre_C_D)         0.105     1.825    counter_reg[11]
  -------------------------------------------------------------------
                         required time                         -1.825    <hidden>
                         arrival time                           2.086    <hidden>
  -------------------------------------------------------------------
                         slack                                  0.261    <hidden>

Slack (MET) :             0.261ns  (arrival time - required time)
  Source:                 counter_reg[19]/C
                            (rising edge-triggered cell FDRE clocked by sys_clk_pin  {rise@0.000ns fall@5.000ns period=10.000ns})
  Destination:            counter_reg[19]/D
                            (rising edge-triggered cell FDRE clocked by sys_clk_pin  {rise@0.000ns fall@5.000ns period=10.000ns})
  Path Group:             sys_clk_pin
  Path Type:              Hold (Min at Fast Process Corner)
  Requirement:            0.000ns  (sys_clk_pin rise@0.000ns - sys_clk_pin rise@0.000ns)
  Data Path Delay:        0.366ns  (logic 0.249ns (67.994%)  route 0.117ns (32.006%))
  Logic Levels:           1  (CARRY4=1)
  Clock Path Skew:        0.000ns (DCD - SCD - CPR)
    Destination Clock Delay (DCD):    2.249ns
    Source Clock Delay      (SCD):    1.721ns
    Clock Pessimism Removal (CPR):    0.528ns

    Location             Delay type                Incr(ns)  Path(ns)    Netlist Resource(s)
  -------------------------------------------------------------------    -------------------
                         (clock sys_clk_pin rise edge)
                                                      0.000     0.000 r  <hidden>
    H16                                               0.000     0.000 r  clk
                         net (fo=0)                   0.000     0.000    clk
    H16                  IBUF (Prop_ibuf_I_O)         0.219     0.219 r  clk_IBUF_inst/O
                         net (fo=1, routed)           0.842     1.060    clk_IBUF
    BUFGCTRL_X0Y16       BUFG (Prop_bufg_I_O)         0.026     1.086 r  clk_IBUF_BUFG_inst/O
                         net (fo=27, routed)          0.635     1.721    clk_IBUF_BUFG
    SLICE_X113Y90        FDRE                                         r  counter_reg[19]/C
  -------------------------------------------------------------------    -------------------
    SLICE_X113Y90        FDRE (Prop_fdre_C_Q)         0.141     1.862 r  counter_reg[19]/Q
                         net (fo=2, routed)           0.117     1.979    counter_reg[19]
    SLICE_X113Y90        CARRY4 (Prop_carry4_S[3]_O[3])
                                                      0.108     2.087 r  counter_reg[16]_i_1/O[3]
                         net (fo=1, routed)           0.000     2.087    counter_reg[16]_i_1_n_4
    SLICE_X113Y90        FDRE                                         r  counter_reg[19]/D
  -------------------------------------------------------------------    -------------------

                         (clock sys_clk_pin rise edge)
                                                      0.000     0.000 r  <hidden>
    H16                                               0.000     0.000 r  clk
                         net (fo=0)                   0.000     0.000    clk
    H16                  IBUF (Prop_ibuf_I_O)         0.406     0.406 r  clk_IBUF_inst/O
                         net (fo=1, routed)           0.907     1.313    clk_IBUF
    BUFGCTRL_X0Y16       BUFG (Prop_bufg_I_O)         0.029     1.342 r  clk_IBUF_BUFG_inst/O
                         net (fo=27, routed)          0.907     2.249    clk_IBUF_BUFG
    SLICE_X113Y90        FDRE                                         r  counter_reg[19]/C
                         clock pessimism             -0.528     1.721    <hidden>
    SLICE_X113Y90        FDRE (Hold_fdre_C_D)         0.105     1.826    counter_reg[19]
  -------------------------------------------------------------------
                         required time                         -1.826    <hidden>
                         arrival time                           2.087    <hidden>
  -------------------------------------------------------------------
                         slack                                  0.261    <hidden>

Slack (MET) :             0.261ns  (arrival time - required time)
  Source:                 counter_reg[23]/C
                            (rising edge-triggered cell FDRE clocked by sys_clk_pin  {rise@0.000ns fall@5.000ns period=10.000ns})
  Destination:            counter_reg[23]/D
                            (rising edge-triggered cell FDRE clocked by sys_clk_pin  {rise@0.000ns fall@5.000ns period=10.000ns})
  Path Group:             sys_clk_pin
  Path Type:              Hold (Min at Fast Process Corner)
  Requirement:            0.000ns  (sys_clk_pin rise@0.000ns - sys_clk_pin rise@0.000ns)
  Data Path Delay:        0.366ns  (logic 0.249ns (67.994%)  route 0.117ns (32.006%))
  Logic Levels:           1  (CARRY4=1)
  Clock Path Skew:        0.000ns (DCD - SCD - CPR)
    Destination Clock Delay (DCD):    2.249ns
    Source Clock Delay      (SCD):    1.721ns
    Clock Pessimism Removal (CPR):    0.528ns

    Location             Delay type                Incr(ns)  Path(ns)    Netlist Resource(s)
  -------------------------------------------------------------------    -------------------
                         (clock sys_clk_pin rise edge)
                                                      0.000     0.000 r  <hidden>
    H16                                               0.000     0.000 r  clk
                         net (fo=0)                   0.000     0.000    clk
    H16                  IBUF (Prop_ibuf_I_O)         0.219     0.219 r  clk_IBUF_inst/O
                         net (fo=1, routed)           0.842     1.060    clk_IBUF
    BUFGCTRL_X0Y16       BUFG (Prop_bufg_I_O)         0.026     1.086 r  clk_IBUF_BUFG_inst/O
                         net (fo=27, routed)          0.635     1.721    clk_IBUF_BUFG
    SLICE_X113Y91        FDRE                                         r  counter_reg[23]/C
  -------------------------------------------------------------------    -------------------
    SLICE_X113Y91        FDRE (Prop_fdre_C_Q)         0.141     1.862 r  counter_reg[23]/Q
                         net (fo=2, routed)           0.117     1.979    counter_reg[23]
    SLICE_X113Y91        CARRY4 (Prop_carry4_S[3]_O[3])
                                                      0.108     2.087 r  counter_reg[20]_i_1/O[3]
                         net (fo=1, routed)           0.000     2.087    counter_reg[20]_i_1_n_4
    SLICE_X113Y91        FDRE                                         r  counter_reg[23]/D
  -------------------------------------------------------------------    -------------------

                         (clock sys_clk_pin rise edge)
                                                      0.000     0.000 r  <hidden>
    H16                                               0.000     0.000 r  clk
                         net (fo=0)                   0.000     0.000    clk
    H16                  IBUF (Prop_ibuf_I_O)         0.406     0.406 r  clk_IBUF_inst/O
                         net (fo=1, routed)           0.907     1.313    clk_IBUF
    BUFGCTRL_X0Y16       BUFG (Prop_bufg_I_O)         0.029     1.342 r  clk_IBUF_BUFG_inst/O
                         net (fo=27, routed)          0.907     2.249    clk_IBUF_BUFG
    SLICE_X113Y91        FDRE                                         r  counter_reg[23]/C
                         clock pessimism             -0.528     1.721    <hidden>
    SLICE_X113Y91        FDRE (Hold_fdre_C_D)         0.105     1.826    counter_reg[23]
  -------------------------------------------------------------------
                         required time                         -1.826    <hidden>
                         arrival time                           2.087    <hidden>
  -------------------------------------------------------------------
                         slack                                  0.261    <hidden>

Slack (MET) :             0.263ns  (arrival time - required time)
  Source:                 counter_reg[7]/C
                            (rising edge-triggered cell FDRE clocked by sys_clk_pin  {rise@0.000ns fall@5.000ns period=10.000ns})
  Destination:            counter_reg[7]/D
                            (rising edge-triggered cell FDRE clocked by sys_clk_pin  {rise@0.000ns fall@5.000ns period=10.000ns})
  Path Group:             sys_clk_pin
  Path Type:              Hold (Min at Fast Process Corner)
  Requirement:            0.000ns  (sys_clk_pin rise@0.000ns - sys_clk_pin rise@0.000ns)
  Data Path Delay:        0.368ns  (logic 0.249ns (67.612%)  route 0.119ns (32.388%))
  Logic Levels:           1  (CARRY4=1)
  Clock Path Skew:        0.000ns (DCD - SCD - CPR)
    Destination Clock Delay (DCD):    2.246ns
    Source Clock Delay      (SCD):    1.719ns
    Clock Pessimism Removal (CPR):    0.527ns

    Location             Delay type                Incr(ns)  Path(ns)    Netlist Resource(s)
  -------------------------------------------------------------------    -------------------
                         (clock sys_clk_pin rise edge)
                                                      0.000     0.000 r  <hidden>
    H16                                               0.000     0.000 r  clk
                         net (fo=0)                   0.000     0.000    clk
    H16                  IBUF (Prop_ibuf_I_O)         0.219     0.219 r  clk_IBUF_inst/O
                         net (fo=1, routed)           0.842     1.060    clk_IBUF
    BUFGCTRL_X0Y16       BUFG (Prop_bufg_I_O)         0.026     1.086 r  clk_IBUF_BUFG_inst/O
                         net (fo=27, routed)          0.633     1.719    clk_IBUF_BUFG
    SLICE_X113Y87        FDRE                                         r  counter_reg[7]/C
  -------------------------------------------------------------------    -------------------
    SLICE_X113Y87        FDRE (Prop_fdre_C_Q)         0.141     1.860 r  counter_reg[7]/Q
                         net (fo=2, routed)           0.119     1.979    counter_reg[7]
    SLICE_X113Y87        CARRY4 (Prop_carry4_S[3]_O[3])
                                                      0.108     2.087 r  counter_reg[4]_i_1/O[3]
                         net (fo=1, routed)           0.000     2.087    counter_reg[4]_i_1_n_4
    SLICE_X113Y87        FDRE                                         r  counter_reg[7]/D
  -------------------------------------------------------------------    -------------------

                         (clock sys_clk_pin rise edge)
                                                      0.000     0.000 r  <hidden>
    H16                                               0.000     0.000 r  clk
                         net (fo=0)                   0.000     0.000    clk
    H16                  IBUF (Prop_ibuf_I_O)         0.406     0.406 r  clk_IBUF_inst/O
                         net (fo=1, routed)           0.907     1.313    clk_IBUF
    BUFGCTRL_X0Y16       BUFG (Prop_bufg_I_O)         0.029     1.342 r  clk_IBUF_BUFG_inst/O
                         net (fo=27, routed)          0.904     2.246    clk_IBUF_BUFG
    SLICE_X113Y87        FDRE                                         r  counter_reg[7]/C
                         clock pessimism             -0.527     1.719    <hidden>
    SLICE_X113Y87        FDRE (Hold_fdre_C_D)         0.105     1.824    counter_reg[7]
  -------------------------------------------------------------------
                         required time                         -1.824    <hidden>
                         arrival time                           2.087    <hidden>
  -------------------------------------------------------------------
                         slack                                  0.263    <hidden>

Slack (MET) :             0.264ns  (arrival time - required time)
  Source:                 led_reg/C
                            (rising edge-triggered cell FDRE clocked by sys_clk_pin  {rise@0.000ns fall@5.000ns period=10.000ns})
  Destination:            led_reg/D
                            (rising edge-triggered cell FDRE clocked by sys_clk_pin  {rise@0.000ns fall@5.000ns period=10.000ns})
  Path Group:             sys_clk_pin
  Path Type:              Hold (Min at Fast Process Corner)
  Requirement:            0.000ns  (sys_clk_pin rise@0.000ns - sys_clk_pin rise@0.000ns)
  Data Path Delay:        0.384ns  (logic 0.209ns (54.384%)  route 0.175ns (45.616%))
  Logic Levels:           1  (LUT3=1)
  Clock Path Skew:        0.000ns (DCD - SCD - CPR)
    Destination Clock Delay (DCD):    2.246ns
    Source Clock Delay      (SCD):    1.719ns
    Clock Pessimism Removal (CPR):    0.527ns

    Location             Delay type                Incr(ns)  Path(ns)    Netlist Resource(s)
  -------------------------------------------------------------------    -------------------
                         (clock sys_clk_pin rise edge)
                                                      0.000     0.000 r  <hidden>
    H16                                               0.000     0.000 r  clk
                         net (fo=0)                   0.000     0.000    clk
    H16                  IBUF (Prop_ibuf_I_O)         0.219     0.219 r  clk_IBUF_inst/O
                         net (fo=1, routed)           0.842     1.060    clk_IBUF
    BUFGCTRL_X0Y16       BUFG (Prop_bufg_I_O)         0.026     1.086 r  clk_IBUF_BUFG_inst/O
                         net (fo=27, routed)          0.633     1.719    clk_IBUF_BUFG
    SLICE_X112Y87        FDRE                                         r  led_reg/C
  -------------------------------------------------------------------    -------------------
    SLICE_X112Y87        FDRE (Prop_fdre_C_Q)         0.164     1.883 r  led_reg/Q
                         net (fo=2, routed)           0.175     2.058    led_OBUF
    SLICE_X112Y87        LUT3 (Prop_lut3_I0_O)        0.045     2.103 r  led_i_1/O
                         net (fo=1, routed)           0.000     2.103    led_i_1_n_0
    SLICE_X112Y87        FDRE                                         r  led_reg/D
  -------------------------------------------------------------------    -------------------

                         (clock sys_clk_pin rise edge)
                                                      0.000     0.000 r  <hidden>
    H16                                               0.000     0.000 r  clk
                         net (fo=0)                   0.000     0.000    clk
    H16                  IBUF (Prop_ibuf_I_O)         0.406     0.406 r  clk_IBUF_inst/O
                         net (fo=1, routed)           0.907     1.313    clk_IBUF
    BUFGCTRL_X0Y16       BUFG (Prop_bufg_I_O)         0.029     1.342 r  clk_IBUF_BUFG_inst/O
                         net (fo=27, routed)          0.904     2.246    clk_IBUF_BUFG
    SLICE_X112Y87        FDRE                                         r  led_reg/C
                         clock pessimism             -0.527     1.719    <hidden>
    SLICE_X112Y87        FDRE (Hold_fdre_C_D)         0.120     1.839    led_reg
  -------------------------------------------------------------------
                         required time                         -1.839    <hidden>
                         arrival time                           2.103    <hidden>
  -------------------------------------------------------------------
                         slack                                  0.264    <hidden>

Slack (MET) :             0.264ns  (arrival time - required time)
  Source:                 counter_reg[15]/C
                            (rising edge-triggered cell FDRE clocked by sys_clk_pin  {rise@0.000ns fall@5.000ns period=10.000ns})
  Destination:            counter_reg[15]/D
                            (rising edge-triggered cell FDRE clocked by sys_clk_pin  {rise@0.000ns fall@5.000ns period=10.000ns})
  Path Group:             sys_clk_pin
  Path Type:              Hold (Min at Fast Process Corner)
  Requirement:            0.000ns  (sys_clk_pin rise@0.000ns - sys_clk_pin rise@0.000ns)
  Data Path Delay:        0.369ns  (logic 0.249ns (67.424%)  route 0.120ns (32.576%))
  Logic Levels:           1  (CARRY4=1)
  Clock Path Skew:        0.000ns (DCD - SCD - CPR)
    Destination Clock Delay (DCD):    2.248ns
    Source Clock Delay      (SCD):    1.720ns
    Clock Pessimism Removal (CPR):    0.528ns

    Location             Delay type                Incr(ns)  Path(ns)    Netlist Resource(s)
  -------------------------------------------------------------------    -------------------
                         (clock sys_clk_pin rise edge)
                                                      0.000     0.000 r  <hidden>
    H16                                               0.000     0.000 r  clk
                         net (fo=0)                   0.000     0.000    clk
    H16                  IBUF (Prop_ibuf_I_O)         0.219     0.219 r  clk_IBUF_inst/O
                         net (fo=1, routed)           0.842     1.060    clk_IBUF
    BUFGCTRL_X0Y16       BUFG (Prop_bufg_I_O)         0.026     1.086 r  clk_IBUF_BUFG_inst/O
                         net (fo=27, routed)          0.634     1.720    clk_IBUF_BUFG
    SLICE_X113Y89        FDRE                                         r  counter_reg[15]/C
  -------------------------------------------------------------------    -------------------
    SLICE_X113Y89        FDRE (Prop_fdre_C_Q)         0.141     1.861 r  counter_reg[15]/Q
                         net (fo=2, routed)           0.120     1.981    counter_reg[15]
    SLICE_X113Y89        CARRY4 (Prop_carry4_S[3]_O[3])
                                                      0.108     2.089 r  counter_reg[12]_i_1/O[3]
                         net (fo=1, routed)           0.000     2.089    counter_reg[12]_i_1_n_4
    SLICE_X113Y89        FDRE                                         r  counter_reg[15]/D
  -------------------------------------------------------------------    -------------------

                         (clock sys_clk_pin rise edge)
                                                      0.000     0.000 r  <hidden>
    H16                                               0.000     0.000 r  clk
                         net (fo=0)                   0.000     0.000    clk
    H16                  IBUF (Prop_ibuf_I_O)         0.406     0.406 r  clk_IBUF_inst/O
                         net (fo=1, routed)           0.907     1.313    clk_IBUF
    BUFGCTRL_X0Y16       BUFG (Prop_bufg_I_O)         0.029     1.342 r  clk_IBUF_BUFG_inst/O
                         net (fo=27, routed)          0.906     2.248    clk_IBUF_BUFG
    SLICE_X113Y89        FDRE                                         r  counter_reg[15]/C
                         clock pessimism             -0.528     1.720    <hidden>
    SLICE_X113Y89        FDRE (Hold_fdre_C_D)         0.105     1.825    counter_reg[15]
  -------------------------------------------------------------------
                         required time                         -1.825    <hidden>
                         arrival time                           2.089    <hidden>
  -------------------------------------------------------------------
                         slack                                  0.264    <hidden>

Slack (MET) :             0.264ns  (arrival time - required time)
  Source:                 counter_reg[3]/C
                            (rising edge-triggered cell FDRE clocked by sys_clk_pin  {rise@0.000ns fall@5.000ns period=10.000ns})
  Destination:            counter_reg[3]/D
                            (rising edge-triggered cell FDRE clocked by sys_clk_pin  {rise@0.000ns fall@5.000ns period=10.000ns})
  Path Group:             sys_clk_pin
  Path Type:              Hold (Min at Fast Process Corner)
  Requirement:            0.000ns  (sys_clk_pin rise@0.000ns - sys_clk_pin rise@0.000ns)
  Data Path Delay:        0.369ns  (logic 0.249ns (67.424%)  route 0.120ns (32.576%))
  Logic Levels:           1  (CARRY4=1)
  Clock Path Skew:        0.000ns (DCD - SCD - CPR)
    Destination Clock Delay (DCD):    2.245ns
    Source Clock Delay      (SCD):    1.718ns
    Clock Pessimism Removal (CPR):    0.527ns

    Location             Delay type                Incr(ns)  Path(ns)    Netlist Resource(s)
  -------------------------------------------------------------------    -------------------
                         (clock sys_clk_pin rise edge)
                                                      0.000     0.000 r  <hidden>
    H16                                               0.000     0.000 r  clk
                         net (fo=0)                   0.000     0.000    clk
    H16                  IBUF (Prop_ibuf_I_O)         0.219     0.219 r  clk_IBUF_inst/O
                         net (fo=1, routed)           0.842     1.060    clk_IBUF
    BUFGCTRL_X0Y16       BUFG (Prop_bufg_I_O)         0.026     1.086 r  clk_IBUF_BUFG_inst/O
                         net (fo=27, routed)          0.632     1.718    clk_IBUF_BUFG
    SLICE_X113Y86        FDRE                                         r  counter_reg[3]/C
  -------------------------------------------------------------------    -------------------
    SLICE_X113Y86        FDRE (Prop_fdre_C_Q)         0.141     1.859 r  counter_reg[3]/Q
                         net (fo=2, routed)           0.120     1.979    counter_reg[3]
    SLICE_X113Y86        CARRY4 (Prop_carry4_S[3]_O[3])
                                                      0.108     2.087 r  counter_reg[0]_i_2/O[3]
                         net (fo=1, routed)           0.000     2.087    counter_reg[0]_i_2_n_4
    SLICE_X113Y86        FDRE                                         r  counter_reg[3]/D
  -------------------------------------------------------------------    -------------------

                         (clock sys_clk_pin rise edge)
                                                      0.000     0.000 r  <hidden>
    H16                                               0.000     0.000 r  clk
                         net (fo=0)                   0.000     0.000    clk
    H16                  IBUF (Prop_ibuf_I_O)         0.406     0.406 r  clk_IBUF_inst/O
                         net (fo=1, routed)           0.907     1.313    clk_IBUF
    BUFGCTRL_X0Y16       BUFG (Prop_bufg_I_O)         0.029     1.342 r  clk_IBUF_BUFG_inst/O
                         net (fo=27, routed)          0.903     2.245    clk_IBUF_BUFG
    SLICE_X113Y86        FDRE                                         r  counter_reg[3]/C
                         clock pessimism             -0.527     1.718    <hidden>
    SLICE_X113Y86        FDRE (Hold_fdre_C_D)         0.105     1.823    counter_reg[3]
  -------------------------------------------------------------------
                         required time                         -1.823    <hidden>
                         arrival time                           2.087    <hidden>
  -------------------------------------------------------------------
                         slack                                  0.264    <hidden>

Slack (MET) :             0.267ns  (arrival time - required time)
  Source:                 counter_reg[16]/C
                            (rising edge-triggered cell FDRE clocked by sys_clk_pin  {rise@0.000ns fall@5.000ns period=10.000ns})
  Destination:            counter_reg[16]/D
                            (rising edge-triggered cell FDRE clocked by sys_clk_pin  {rise@0.000ns fall@5.000ns period=10.000ns})
  Path Group:             sys_clk_pin
  Path Type:              Hold (Min at Fast Process Corner)
  Requirement:            0.000ns  (sys_clk_pin rise@0.000ns - sys_clk_pin rise@0.000ns)
  Data Path Delay:        0.372ns  (logic 0.256ns (68.766%)  route 0.116ns (31.234%))
  Logic Levels:           1  (CARRY4=1)
  Clock Path Skew:        0.000ns (DCD - SCD - CPR)
    Destination Clock Delay (DCD):    2.249ns
    Source Clock Delay      (SCD):    1.721ns
    Clock Pessimism Removal (CPR):    0.528ns

    Location             Delay type                Incr(ns)  Path(ns)    Netlist Resource(s)
  -------------------------------------------------------------------    -------------------
                         (clock sys_clk_pin rise edge)
                                                      0.000     0.000 r  <hidden>
    H16                                               0.000     0.000 r  clk
                         net (fo=0)                   0.000     0.000    clk
    H16                  IBUF (Prop_ibuf_I_O)         0.219     0.219 r  clk_IBUF_inst/O
                         net (fo=1, routed)           0.842     1.060    clk_IBUF
    BUFGCTRL_X0Y16       BUFG (Prop_bufg_I_O)         0.026     1.086 r  clk_IBUF_BUFG_inst/O
                         net (fo=27, routed)          0.635     1.721    clk_IBUF_BUFG
    SLICE_X113Y90        FDRE                                         r  counter_reg[16]/C
  -------------------------------------------------------------------    -------------------
    SLICE_X113Y90        FDRE (Prop_fdre_C_Q)         0.141     1.862 r  counter_reg[16]/Q
                         net (fo=2, routed)           0.116     1.978    counter_reg[16]
    SLICE_X113Y90        CARRY4 (Prop_carry4_S[0]_O[0])
                                                      0.115     2.093 r  counter_reg[16]_i_1/O[0]
                         net (fo=1, routed)           0.000     2.093    counter_reg[16]_i_1_n_7
    SLICE_X113Y90        FDRE                                         r  counter_reg[16]/D
  -------------------------------------------------------------------    -------------------

                         (clock sys_clk_pin rise edge)
                                                      0.000     0.000 r  <hidden>
    H16                                               0.000     0.000 r  clk
                         net (fo=0)                   0.000     0.000    clk
    H16                  IBUF (Prop_ibuf_I_O)         0.406     0.406 r  clk_IBUF_inst/O
                         net (fo=1, routed)           0.907     1.313    clk_IBUF
    BUFGCTRL_X0Y16       BUFG (Prop_bufg_I_O)         0.029     1.342 r  clk_IBUF_BUFG_inst/O
                         net (fo=27, routed)          0.907     2.249    clk_IBUF_BUFG
    SLICE_X113Y90        FDRE                                         r  counter_reg[16]/C
                         clock pessimism             -0.528     1.721    <hidden>
    SLICE_X113Y90        FDRE (Hold_fdre_C_D)         0.105     1.826    counter_reg[16]
  -------------------------------------------------------------------
                         required time                         -1.826    <hidden>
                         arrival time                           2.093    <hidden>
  -------------------------------------------------------------------
                         slack                                  0.267    <hidden>

Slack (MET) :             0.267ns  (arrival time - required time)
  Source:                 counter_reg[20]/C
                            (rising edge-triggered cell FDRE clocked by sys_clk_pin  {rise@0.000ns fall@5.000ns period=10.000ns})
  Destination:            counter_reg[20]/D
                            (rising edge-triggered cell FDRE clocked by sys_clk_pin  {rise@0.000ns fall@5.000ns period=10.000ns})
  Path Group:             sys_clk_pin
  Path Type:              Hold (Min at Fast Process Corner)
  Requirement:            0.000ns  (sys_clk_pin rise@0.000ns - sys_clk_pin rise@0.000ns)
  Data Path Delay:        0.372ns  (logic 0.256ns (68.766%)  route 0.116ns (31.234%))
  Logic Levels:           1  (CARRY4=1)
  Clock Path Skew:        0.000ns (DCD - SCD - CPR)
    Destination Clock Delay (DCD):    2.249ns
    Source Clock Delay      (SCD):    1.721ns
    Clock Pessimism Removal (CPR):    0.528ns

    Location             Delay type                Incr(ns)  Path(ns)    Netlist Resource(s)
  -------------------------------------------------------------------    -------------------
                         (clock sys_clk_pin rise edge)
                                                      0.000     0.000 r  <hidden>
    H16                                               0.000     0.000 r  clk
                         net (fo=0)                   0.000     0.000    clk
    H16                  IBUF (Prop_ibuf_I_O)         0.219     0.219 r  clk_IBUF_inst/O
                         net (fo=1, routed)           0.842     1.060    clk_IBUF
    BUFGCTRL_X0Y16       BUFG (Prop_bufg_I_O)         0.026     1.086 r  clk_IBUF_BUFG_inst/O
                         net (fo=27, routed)          0.635     1.721    clk_IBUF_BUFG
    SLICE_X113Y91        FDRE                                         r  counter_reg[20]/C
  -------------------------------------------------------------------    -------------------
    SLICE_X113Y91        FDRE (Prop_fdre_C_Q)         0.141     1.862 r  counter_reg[20]/Q
                         net (fo=2, routed)           0.116     1.978    counter_reg[20]
    SLICE_X113Y91        CARRY4 (Prop_carry4_S[0]_O[0])
                                                      0.115     2.093 r  counter_reg[20]_i_1/O[0]
                         net (fo=1, routed)           0.000     2.093    counter_reg[20]_i_1_n_7
    SLICE_X113Y91        FDRE                                         r  counter_reg[20]/D
  -------------------------------------------------------------------    -------------------

                         (clock sys_clk_pin rise edge)
                                                      0.000     0.000 r  <hidden>
    H16                                               0.000     0.000 r  clk
                         net (fo=0)                   0.000     0.000    clk
    H16                  IBUF (Prop_ibuf_I_O)         0.406     0.406 r  clk_IBUF_inst/O
                         net (fo=1, routed)           0.907     1.313    clk_IBUF
    BUFGCTRL_X0Y16       BUFG (Prop_bufg_I_O)         0.029     1.342 r  clk_IBUF_BUFG_inst/O
                         net (fo=27, routed)          0.907     2.249    clk_IBUF_BUFG
    SLICE_X113Y91        FDRE                                         r  counter_reg[20]/C
                         clock pessimism             -0.528     1.721    <hidden>
    SLICE_X113Y91        FDRE (Hold_fdre_C_D)         0.105     1.826    counter_reg[20]
  -------------------------------------------------------------------
                         required time                         -1.826    <hidden>
                         arrival time                           2.093    <hidden>
  -------------------------------------------------------------------
                         slack                                  0.267    <hidden>

Slack (MET) :             0.267ns  (arrival time - required time)
  Source:                 counter_reg[4]/C
                            (rising edge-triggered cell FDRE clocked by sys_clk_pin  {rise@0.000ns fall@5.000ns period=10.000ns})
  Destination:            counter_reg[4]/D
                            (rising edge-triggered cell FDRE clocked by sys_clk_pin  {rise@0.000ns fall@5.000ns period=10.000ns})
  Path Group:             sys_clk_pin
  Path Type:              Hold (Min at Fast Process Corner)
  Requirement:            0.000ns  (sys_clk_pin rise@0.000ns - sys_clk_pin rise@0.000ns)
  Data Path Delay:        0.372ns  (logic 0.256ns (68.766%)  route 0.116ns (31.234%))
  Logic Levels:           1  (CARRY4=1)
  Clock Path Skew:        0.000ns (DCD - SCD - CPR)
    Destination Clock Delay (DCD):    2.246ns
    Source Clock Delay      (SCD):    1.719ns
    Clock Pessimism Removal (CPR):    0.527ns

    Location             Delay type                Incr(ns)  Path(ns)    Netlist Resource(s)
  -------------------------------------------------------------------    -------------------
                         (clock sys_clk_pin rise edge)
                                                      0.000     0.000 r  <hidden>
    H16                                               0.000     0.000 r  clk
                         net (fo=0)                   0.000     0.000    clk
    H16                  IBUF (Prop_ibuf_I_O)         0.219     0.219 r  clk_IBUF_inst/O
                         net (fo=1, routed)           0.842     1.060    clk_IBUF
    BUFGCTRL_X0Y16       BUFG (Prop_bufg_I_O)         0.026     1.086 r  clk_IBUF_BUFG_inst/O
                         net (fo=27, routed)          0.633     1.719    clk_IBUF_BUFG
    SLICE_X113Y87        FDRE                                         r  counter_reg[4]/C
  -------------------------------------------------------------------    -------------------
    SLICE_X113Y87        FDRE (Prop_fdre_C_Q)         0.141     1.860 r  counter_reg[4]/Q
                         net (fo=2, routed)           0.116     1.976    counter_reg[4]
    SLICE_X113Y87        CARRY4 (Prop_carry4_S[0]_O[0])
                                                      0.115     2.091 r  counter_reg[4]_i_1/O[0]
                         net (fo=1, routed)           0.000     2.091    counter_reg[4]_i_1_n_7
    SLICE_X113Y87        FDRE                                         r  counter_reg[4]/D
  -------------------------------------------------------------------    -------------------

                         (clock sys_clk_pin rise edge)
                                                      0.000     0.000 r  <hidden>
    H16                                               0.000     0.000 r  clk
                         net (fo=0)                   0.000     0.000    clk
    H16                  IBUF (Prop_ibuf_I_O)         0.406     0.406 r  clk_IBUF_inst/O
                         net (fo=1, routed)           0.907     1.313    clk_IBUF
    BUFGCTRL_X0Y16       BUFG (Prop_bufg_I_O)         0.029     1.342 r  clk_IBUF_BUFG_inst/O
                         net (fo=27, routed)          0.904     2.246    clk_IBUF_BUFG
    SLICE_X113Y87        FDRE                                         r  counter_reg[4]/C
                         clock pessimism             -0.527     1.719    <hidden>
    SLICE_X113Y87        FDRE (Hold_fdre_C_D)         0.105     1.824    counter_reg[4]
  -------------------------------------------------------------------
                         required time                         -1.824    <hidden>
                         arrival time                           2.091    <hidden>
  -------------------------------------------------------------------
                         slack                                  0.267    <hidden>





Pulse Width Checks
--------------------------------------------------------------------------------------
Clock Name:         sys_clk_pin
Waveform(ns):       { 0.000 5.000 }
Period(ns):         10.000
Sources:            { clk }

Check Type        Corner  Lib Pin  Reference Pin  Required(ns)  Actual(ns)  Slack(ns)  Location        Pin
Min Period        n/a     BUFG/I   n/a            2.155         10.000      7.845      BUFGCTRL_X0Y16  clk_IBUF_BUFG_inst/I
Min Period        n/a     FDRE/C   n/a            1.000         10.000      9.000      SLICE_X113Y86   counter_reg[0]/C
Min Period        n/a     FDRE/C   n/a            1.000         10.000      9.000      SLICE_X113Y88   counter_reg[10]/C
Min Period        n/a     FDRE/C   n/a            1.000         10.000      9.000      SLICE_X113Y88   counter_reg[11]/C
Min Period        n/a     FDRE/C   n/a            1.000         10.000      9.000      SLICE_X113Y89   counter_reg[12]/C
Min Period        n/a     FDRE/C   n/a            1.000         10.000      9.000      SLICE_X113Y89   counter_reg[13]/C
Min Period        n/a     FDRE/C   n/a            1.000         10.000      9.000      SLICE_X113Y89   counter_reg[14]/C
Min Period        n/a     FDRE/C   n/a            1.000         10.000      9.000      SLICE_X113Y89   counter_reg[15]/C
Min Period        n/a     FDRE/C   n/a            1.000         10.000      9.000      SLICE_X113Y90   counter_reg[16]/C
Min Period        n/a     FDRE/C   n/a            1.000         10.000      9.000      SLICE_X113Y90   counter_reg[17]/C
Low Pulse Width   Slow    FDRE/C   n/a            0.500         5.000       4.500      SLICE_X113Y86   counter_reg[0]/C
Low Pulse Width   Fast    FDRE/C   n/a            0.500         5.000       4.500      SLICE_X113Y86   counter_reg[0]/C
Low Pulse Width   Slow    FDRE/C   n/a            0.500         5.000       4.500      SLICE_X113Y88   counter_reg[10]/C
Low Pulse Width   Fast    FDRE/C   n/a            0.500         5.000       4.500      SLICE_X113Y88   counter_reg[10]/C
Low Pulse Width   Slow    FDRE/C   n/a            0.500         5.000       4.500      SLICE_X113Y88   counter_reg[11]/C
Low Pulse Width   Fast    FDRE/C   n/a            0.500         5.000       4.500      SLICE_X113Y88   counter_reg[11]/C
Low Pulse Width   Slow    FDRE/C   n/a            0.500         5.000       4.500      SLICE_X113Y89   counter_reg[12]/C
Low Pulse Width   Fast    FDRE/C   n/a            0.500         5.000       4.500      SLICE_X113Y89   counter_reg[12]/C
Low Pulse Width   Slow    FDRE/C   n/a            0.500         5.000       4.500      SLICE_X113Y89   counter_reg[13]/C
Low Pulse Width   Fast    FDRE/C   n/a            0.500         5.000       4.500      SLICE_X113Y89   counter_reg[13]/C
High Pulse Width  Slow    FDRE/C   n/a            0.500         5.000       4.500      SLICE_X113Y86   counter_reg[0]/C
High Pulse Width  Fast    FDRE/C   n/a            0.500         5.000       4.500      SLICE_X113Y86   counter_reg[0]/C
High Pulse Width  Slow    FDRE/C   n/a            0.500         5.000       4.500      SLICE_X113Y88   counter_reg[10]/C
High Pulse Width  Fast    FDRE/C   n/a            0.500         5.000       4.500      SLICE_X113Y88   counter_reg[10]/C
High Pulse Width  Slow    FDRE/C   n/a            0.500         5.000       4.500      SLICE_X113Y88   counter_reg[11]/C
High Pulse Width  Fast    FDRE/C   n/a            0.500         5.000       4.500      SLICE_X113Y88   counter_reg[11]/C
High Pulse Width  Slow    FDRE/C   n/a            0.500         5.000       4.500      SLICE_X113Y89   counter_reg[12]/C
High Pulse Width  Fast    FDRE/C   n/a            0.500         5.000       4.500      SLICE_X113Y89   counter_reg[12]/C
High Pulse Width  Slow    FDRE/C   n/a            0.500         5.000       4.500      SLICE_X113Y89   counter_reg[13]/C
High Pulse Width  Fast    FDRE/C   n/a            0.500         5.000       4.500      SLICE_X113Y89   counter_reg[13]/C



--------------------------------------------------------------------------------------
Path Group:  (none)
From Clock:  sys_clk_pin
  To Clock:  

Max Delay             1 Endpoint
Min Delay             1 Endpoint
--------------------------------------------------------------------------------------


Max Delay Paths
--------------------------------------------------------------------------------------
Slack:                    inf
  Source:                 led_reg/C
                            (rising edge-triggered cell FDRE clocked by sys_clk_pin  {rise@0.000ns fall@5.000ns period=10.000ns})
  Destination:            led
                            (output port)
  Path Group:             (none)
  Path Type:              Max at Slow Process Corner
  Data Path Delay:        5.724ns  (logic 4.048ns (70.714%)  route 1.676ns (29.286%))
  Logic Levels:           1  (OBUF=1)
  Clock Uncertainty:      0.025ns  ((TSJ^2 + TIJ^2)^1/2 + DJ) / 2 + PE
    Total System Jitter     (TSJ):    0.050ns
    Total Input Jitter      (TIJ):    0.000ns
    Discrete Jitter          (DJ):    0.000ns
    Phase Error              (PE):    0.000ns

    Location             Delay type                Incr(ns)  Path(ns)    Netlist Resource(s)
  -------------------------------------------------------------------    -------------------
                         (clock sys_clk_pin rise edge)
                                                      0.000     0.000 r  <hidden>
    H16                                               0.000     0.000 r  clk
                         net (fo=0)                   0.000     0.000    clk
    H16                  IBUF (Prop_ibuf_I_O)         1.451     1.451 r  clk_IBUF_inst/O
                         net (fo=1, routed)           2.522     3.973    clk_IBUF
    BUFGCTRL_X0Y16       BUFG (Prop_bufg_I_O)         0.101     4.074 r  clk_IBUF_BUFG_inst/O
                         net (fo=27, routed)          1.861     5.935    clk_IBUF_BUFG
    SLICE_X112Y87        FDRE                                         r  led_reg/C
  -------------------------------------------------------------------    -------------------
    SLICE_X112Y87        FDRE (Prop_fdre_C_Q)         0.518     6.453 r  led_reg/Q
                         net (fo=2, routed)           1.676     8.129    led_OBUF
    R14                  OBUF (Prop_obuf_I_O)         3.530    11.659 r  led_OBUF_inst/O
                         net (fo=0)                   0.000    11.659    led
    R14                                                               r  led
  -------------------------------------------------------------------    -------------------





Min Delay Paths
--------------------------------------------------------------------------------------
Slack:                    inf
  Source:                 led_reg/C
                            (rising edge-triggered cell FDRE clocked by sys_clk_pin  {rise@0.000ns fall@5.000ns period=10.000ns})
  Destination:            led
                            (output port)
  Path Group:             (none)
  Path Type:              Min at Fast Process Corner
  Data Path Delay:        1.738ns  (logic 1.395ns (80.243%)  route 0.343ns (19.757%))
  Logic Levels:           1  (OBUF=1)
  Clock Uncertainty:      0.025ns  ((TSJ^2 + TIJ^2)^1/2 + DJ) / 2 + PE
    Total System Jitter     (TSJ):    0.050ns
    Total Input Jitter      (TIJ):    0.000ns
    Discrete Jitter          (DJ):    0.000ns
    Phase Error              (PE):    0.000ns

    Location             Delay type                Incr(ns)  Path(ns)    Netlist Resource(s)
  -------------------------------------------------------------------    -------------------
                         (clock sys_clk_pin rise edge)
                                                      0.000     0.000 r  <hidden>
    H16                                               0.000     0.000 r  clk
                         net (fo=0)                   0.000     0.000    clk
    H16                  IBUF (Prop_ibuf_I_O)         0.219     0.219 r  clk_IBUF_inst/O
                         net (fo=1, routed)           0.842     1.060    clk_IBUF
    BUFGCTRL_X0Y16       BUFG (Prop_bufg_I_O)         0.026     1.086 r  clk_IBUF_BUFG_inst/O
                         net (fo=27, routed)          0.633     1.719    clk_IBUF_BUFG
    SLICE_X112Y87        FDRE                                         r  led_reg/C
  -------------------------------------------------------------------    -------------------
    SLICE_X112Y87        FDRE (Prop_fdre_C_Q)         0.164     1.883 r  led_reg/Q
                         net (fo=2, routed)           0.343     2.227    led_OBUF
    R14                  OBUF (Prop_obuf_I_O)         1.231     3.457 r  led_OBUF_inst/O
                         net (fo=0)                   0.000     3.457    led
    R14                                                               r  led
  -------------------------------------------------------------------    -------------------





--------------------------------------------------------------------------------------
Path Group:  (none)
From Clock:  
  To Clock:  sys_clk_pin

Max Delay            27 Endpoints
Min Delay            27 Endpoints
--------------------------------------------------------------------------------------


Max Delay Paths
--------------------------------------------------------------------------------------
Slack:                    inf
  Source:                 rst
                            (input port)
  Destination:            counter_reg[24]/R
                            (rising edge-triggered cell FDRE clocked by sys_clk_pin  {rise@0.000ns fall@5.000ns period=10.000ns})
  Path Group:             (none)
  Path Type:              Setup (Max at Slow Process Corner)
  Data Path Delay:        4.362ns  (logic 1.585ns (36.335%)  route 2.777ns (63.665%))
  Logic Levels:           2  (IBUF=1 LUT2=1)
  Clock Path Skew:        5.449ns (DCD - SCD + CPR)
    Destination Clock Delay (DCD):    5.449ns
    Source Clock Delay      (SCD):    0.000ns
    Clock Pessimism Removal (CPR):    0.000ns
  Clock Uncertainty:      0.025ns  ((TSJ^2 + TIJ^2)^1/2 + DJ) / 2 + PE
    Total System Jitter     (TSJ):    0.050ns
    Total Input Jitter      (TIJ):    0.000ns
    Discrete Jitter          (DJ):    0.000ns
    Phase Error              (PE):    0.000ns

    Location             Delay type                Incr(ns)  Path(ns)    Netlist Resource(s)
  -------------------------------------------------------------------    -------------------
    P18                                               0.000     0.000 r  rst
                         net (fo=0)                   0.000     0.000    rst
    P18                  IBUF (Prop_ibuf_I_O)         1.461     1.461 r  rst_IBUF_inst/O
                         net (fo=2, routed)           1.840     3.301    rst_IBUF
    SLICE_X112Y87        LUT2 (Prop_lut2_I1_O)        0.124     3.425 r  counter[0]_i_1/O
                         net (fo=26, routed)          0.937     4.362    counter[0]_i_1_n_0
    SLICE_X113Y92        FDRE                                         r  counter_reg[24]/R
  -------------------------------------------------------------------    -------------------

                         (clock sys_clk_pin rise edge)
                                                      0.000     0.000 r  <hidden>
    H16                                               0.000     0.000 r  clk
                         net (fo=0)                   0.000     0.000    clk
    H16                  IBUF (Prop_ibuf_I_O)         1.380     1.380 r  clk_IBUF_inst/O
                         net (fo=1, routed)           2.293     3.673    clk_IBUF
    BUFGCTRL_X0Y16       BUFG (Prop_bufg_I_O)         0.091     3.764 r  clk_IBUF_BUFG_inst/O
                         net (fo=27, routed)          1.685     5.449    clk_IBUF_BUFG
    SLICE_X113Y92        FDRE                                         r  counter_reg[24]/C

Slack:                    inf
  Source:                 rst
                            (input port)
  Destination:            counter_reg[25]/R
                            (rising edge-triggered cell FDRE clocked by sys_clk_pin  {rise@0.000ns fall@5.000ns period=10.000ns})
  Path Group:             (none)
  Path Type:              Setup (Max at Slow Process Corner)
  Data Path Delay:        4.362ns  (logic 1.585ns (36.335%)  route 2.777ns (63.665%))
  Logic Levels:           2  (IBUF=1 LUT2=1)
  Clock Path Skew:        5.449ns (DCD - SCD + CPR)
    Destination Clock Delay (DCD):    5.449ns
    Source Clock Delay      (SCD):    0.000ns
    Clock Pessimism Removal (CPR):    0.000ns
  Clock Uncertainty:      0.025ns  ((TSJ^2 + TIJ^2)^1/2 + DJ) / 2 + PE
    Total System Jitter     (TSJ):    0.050ns
    Total Input Jitter      (TIJ):    0.000ns
    Discrete Jitter          (DJ):    0.000ns
    Phase Error              (PE):    0.000ns

    Location             Delay type                Incr(ns)  Path(ns)    Netlist Resource(s)
  -------------------------------------------------------------------    -------------------
    P18                                               0.000     0.000 r  rst
                         net (fo=0)                   0.000     0.000    rst
    P18                  IBUF (Prop_ibuf_I_O)         1.461     1.461 r  rst_IBUF_inst/O
                         net (fo=2, routed)           1.840     3.301    rst_IBUF
    SLICE_X112Y87        LUT2 (Prop_lut2_I1_O)        0.124     3.425 r  counter[0]_i_1/O
                         net (fo=26, routed)          0.937     4.362    counter[0]_i_1_n_0
    SLICE_X113Y92        FDRE                                         r  counter_reg[25]/R
  -------------------------------------------------------------------    -------------------

                         (clock sys_clk_pin rise edge)
                                                      0.000     0.000 r  <hidden>
    H16                                               0.000     0.000 r  clk
                         net (fo=0)                   0.000     0.000    clk
    H16                  IBUF (Prop_ibuf_I_O)         1.380     1.380 r  clk_IBUF_inst/O
                         net (fo=1, routed)           2.293     3.673    clk_IBUF
    BUFGCTRL_X0Y16       BUFG (Prop_bufg_I_O)         0.091     3.764 r  clk_IBUF_BUFG_inst/O
                         net (fo=27, routed)          1.685     5.449    clk_IBUF_BUFG
    SLICE_X113Y92        FDRE                                         r  counter_reg[25]/C

Slack:                    inf
  Source:                 rst
                            (input port)
  Destination:            counter_reg[4]/R
                            (rising edge-triggered cell FDRE clocked by sys_clk_pin  {rise@0.000ns fall@5.000ns period=10.000ns})
  Path Group:             (none)
  Path Type:              Setup (Max at Slow Process Corner)
  Data Path Delay:        4.348ns  (logic 1.585ns (36.455%)  route 2.763ns (63.545%))
  Logic Levels:           2  (IBUF=1 LUT2=1)
  Clock Path Skew:        5.446ns (DCD - SCD + CPR)
    Destination Clock Delay (DCD):    5.446ns
    Source Clock Delay      (SCD):    0.000ns
    Clock Pessimism Removal (CPR):    0.000ns
  Clock Uncertainty:      0.025ns  ((TSJ^2 + TIJ^2)^1/2 + DJ) / 2 + PE
    Total System Jitter     (TSJ):    0.050ns
    Total Input Jitter      (TIJ):    0.000ns
    Discrete Jitter          (DJ):    0.000ns
    Phase Error              (PE):    0.000ns

    Location             Delay type                Incr(ns)  Path(ns)    Netlist Resource(s)
  -------------------------------------------------------------------    -------------------
    P18                                               0.000     0.000 r  rst
                         net (fo=0)                   0.000     0.000    rst
    P18                  IBUF (Prop_ibuf_I_O)         1.461     1.461 r  rst_IBUF_inst/O
                         net (fo=2, routed)           1.840     3.301    rst_IBUF
    SLICE_X112Y87        LUT2 (Prop_lut2_I1_O)        0.124     3.425 r  counter[0]_i_1/O
                         net (fo=26, routed)          0.923     4.348    counter[0]_i_1_n_0
    SLICE_X113Y87        FDRE                                         r  counter_reg[4]/R
  -------------------------------------------------------------------    -------------------

                         (clock sys_clk_pin rise edge)
                                                      0.000     0.000 r  <hidden>
    H16                                               0.000     0.000 r  clk
                         net (fo=0)                   0.000     0.000    clk
    H16                  IBUF (Prop_ibuf_I_O)         1.380     1.380 r  clk_IBUF_inst/O
                         net (fo=1, routed)           2.293     3.673    clk_IBUF
    BUFGCTRL_X0Y16       BUFG (Prop_bufg_I_O)         0.091     3.764 r  clk_IBUF_BUFG_inst/O
                         net (fo=27, routed)          1.682     5.446    clk_IBUF_BUFG
    SLICE_X113Y87        FDRE                                         r  counter_reg[4]/C

Slack:                    inf
  Source:                 rst
                            (input port)
  Destination:            counter_reg[5]/R
                            (rising edge-triggered cell FDRE clocked by sys_clk_pin  {rise@0.000ns fall@5.000ns period=10.000ns})
  Path Group:             (none)
  Path Type:              Setup (Max at Slow Process Corner)
  Data Path Delay:        4.348ns  (logic 1.585ns (36.455%)  route 2.763ns (63.545%))
  Logic Levels:           2  (IBUF=1 LUT2=1)
  Clock Path Skew:        5.446ns (DCD - SCD + CPR)
    Destination Clock Delay (DCD):    5.446ns
    Source Clock Delay      (SCD):    0.000ns
    Clock Pessimism Removal (CPR):    0.000ns
  Clock Uncertainty:      0.025ns  ((TSJ^2 + TIJ^2)^1/2 + DJ) / 2 + PE
    Total System Jitter     (TSJ):    0.050ns
    Total Input Jitter      (TIJ):    0.000ns
    Discrete Jitter          (DJ):    0.000ns
    Phase Error              (PE):    0.000ns

    Location             Delay type                Incr(ns)  Path(ns)    Netlist Resource(s)
  -------------------------------------------------------------------    -------------------
    P18                                               0.000     0.000 r  rst
                         net (fo=0)                   0.000     0.000    rst
    P18                  IBUF (Prop_ibuf_I_O)         1.461     1.461 r  rst_IBUF_inst/O
                         net (fo=2, routed)           1.840     3.301    rst_IBUF
    SLICE_X112Y87        LUT2 (Prop_lut2_I1_O)        0.124     3.425 r  counter[0]_i_1/O
                         net (fo=26, routed)          0.923     4.348    counter[0]_i_1_n_0
    SLICE_X113Y87        FDRE                                         r  counter_reg[5]/R
  -------------------------------------------------------------------    -------------------

                         (clock sys_clk_pin rise edge)
                                                      0.000     0.000 r  <hidden>
    H16                                               0.000     0.000 r  clk
                         net (fo=0)                   0.000     0.000    clk
    H16                  IBUF (Prop_ibuf_I_O)         1.380     1.380 r  clk_IBUF_inst/O
                         net (fo=1, routed)           2.293     3.673    clk_IBUF
    BUFGCTRL_X0Y16       BUFG (Prop_bufg_I_O)         0.091     3.764 r  clk_IBUF_BUFG_inst/O
                         net (fo=27, routed)          1.682     5.446    clk_IBUF_BUFG
    SLICE_X113Y87        FDRE                                         r  counter_reg[5]/C

Slack:                    inf
  Source:                 rst
                            (input port)
  Destination:            counter_reg[6]/R
                            (rising edge-triggered cell FDRE clocked by sys_clk_pin  {rise@0.000ns fall@5.000ns period=10.000ns})
  Path Group:             (none)
  Path Type:              Setup (Max at Slow Process Corner)
  Data Path Delay:        4.348ns  (logic 1.585ns (36.455%)  route 2.763ns (63.545%))
  Logic Levels:           2  (IBUF=1 LUT2=1)
  Clock Path Skew:        5.446ns (DCD - SCD + CPR)
    Destination Clock Delay (DCD):    5.446ns
    Source Clock Delay      (SCD):    0.000ns
    Clock Pessimism Removal (CPR):    0.000ns
  Clock Uncertainty:      0.025ns  ((TSJ^2 + TIJ^2)^1/2 + DJ) / 2 + PE
    Total System Jitter     (TSJ):    0.050ns
    Total Input Jitter      (TIJ):    0.000ns
    Discrete Jitter          (DJ):    0.000ns
    Phase Error              (PE):    0.000ns

    Location             Delay type                Incr(ns)  Path(ns)    Netlist Resource(s)
  -------------------------------------------------------------------    -------------------
    P18                                               0.000     0.000 r  rst
                         net (fo=0)                   0.000     0.000    rst
    P18                  IBUF (Prop_ibuf_I_O)         1.461     1.461 r  rst_IBUF_inst/O
                         net (fo=2, routed)           1.840     3.301    rst_IBUF
    SLICE_X112Y87        LUT2 (Prop_lut2_I1_O)        0.124     3.425 r  counter[0]_i_1/O
                         net (fo=26, routed)          0.923     4.348    counter[0]_i_1_n_0
    SLICE_X113Y87        FDRE                                         r  counter_reg[6]/R
  -------------------------------------------------------------------    -------------------

                         (clock sys_clk_pin rise edge)
                                                      0.000     0.000 r  <hidden>
    H16                                               0.000     0.000 r  clk
                         net (fo=0)                   0.000     0.000    clk
    H16                  IBUF (Prop_ibuf_I_O)         1.380     1.380 r  clk_IBUF_inst/O
                         net (fo=1, routed)           2.293     3.673    clk_IBUF
    BUFGCTRL_X0Y16       BUFG (Prop_bufg_I_O)         0.091     3.764 r  clk_IBUF_BUFG_inst/O
                         net (fo=27, routed)          1.682     5.446    clk_IBUF_BUFG
    SLICE_X113Y87        FDRE                                         r  counter_reg[6]/C

Slack:                    inf
  Source:                 rst
                            (input port)
  Destination:            counter_reg[7]/R
                            (rising edge-triggered cell FDRE clocked by sys_clk_pin  {rise@0.000ns fall@5.000ns period=10.000ns})
  Path Group:             (none)
  Path Type:              Setup (Max at Slow Process Corner)
  Data Path Delay:        4.348ns  (logic 1.585ns (36.455%)  route 2.763ns (63.545%))
  Logic Levels:           2  (IBUF=1 LUT2=1)
  Clock Path Skew:        5.446ns (DCD - SCD + CPR)
    Destination Clock Delay (DCD):    5.446ns
    Source Clock Delay      (SCD):    0.000ns
    Clock Pessimism Removal (CPR):    0.000ns
  Clock Uncertainty:      0.025ns  ((TSJ^2 + TIJ^2)^1/2 + DJ) / 2 + PE
    Total System Jitter     (TSJ):    0.050ns
    Total Input Jitter      (TIJ):    0.000ns
    Discrete Jitter          (DJ):    0.000ns
    Phase Error              (PE):    0.000ns

    Location             Delay type                Incr(ns)  Path(ns)    Netlist Resource(s)
  -------------------------------------------------------------------    -------------------
    P18                                               0.000     0.000 r  rst
                         net (fo=0)                   0.000     0.000    rst
    P18                  IBUF (Prop_ibuf_I_O)         1.461     1.461 r  rst_IBUF_inst/O
                         net (fo=2, routed)           1.840     3.301    rst_IBUF
    SLICE_X112Y87        LUT2 (Prop_lut2_I1_O)        0.124     3.425 r  counter[0]_i_1/O
                         net (fo=26, routed)          0.923     4.348    counter[0]_i_1_n_0
    SLICE_X113Y87        FDRE                                         r  counter_reg[7]/R
  -------------------------------------------------------------------    -------------------

                         (clock sys_clk_pin rise edge)
                                                      0.000     0.000 r  <hidden>
    H16                                               0.000     0.000 r  clk
                         net (fo=0)                   0.000     0.000    clk
    H16                  IBUF (Prop_ibuf_I_O)         1.380     1.380 r  clk_IBUF_inst/O
                         net (fo=1, routed)           2.293     3.673    clk_IBUF
    BUFGCTRL_X0Y16       BUFG (Prop_bufg_I_O)         0.091     3.764 r  clk_IBUF_BUFG_inst/O
                         net (fo=27, routed)          1.682     5.446    clk_IBUF_BUFG
    SLICE_X113Y87        FDRE                                         r  counter_reg[7]/C

Slack:                    inf
  Source:                 rst
                            (input port)
  Destination:            counter_reg[20]/R
                            (rising edge-triggered cell FDRE clocked by sys_clk_pin  {rise@0.000ns fall@5.000ns period=10.000ns})
  Path Group:             (none)
  Path Type:              Setup (Max at Slow Process Corner)
  Data Path Delay:        4.224ns  (logic 1.585ns (37.526%)  route 2.639ns (62.474%))
  Logic Levels:           2  (IBUF=1 LUT2=1)
  Clock Path Skew:        5.449ns (DCD - SCD + CPR)
    Destination Clock Delay (DCD):    5.449ns
    Source Clock Delay      (SCD):    0.000ns
    Clock Pessimism Removal (CPR):    0.000ns
  Clock Uncertainty:      0.025ns  ((TSJ^2 + TIJ^2)^1/2 + DJ) / 2 + PE
    Total System Jitter     (TSJ):    0.050ns
    Total Input Jitter      (TIJ):    0.000ns
    Discrete Jitter          (DJ):    0.000ns
    Phase Error              (PE):    0.000ns

    Location             Delay type                Incr(ns)  Path(ns)    Netlist Resource(s)
  -------------------------------------------------------------------    -------------------
    P18                                               0.000     0.000 r  rst
                         net (fo=0)                   0.000     0.000    rst
    P18                  IBUF (Prop_ibuf_I_O)         1.461     1.461 r  rst_IBUF_inst/O
                         net (fo=2, routed)           1.840     3.301    rst_IBUF
    SLICE_X112Y87        LUT2 (Prop_lut2_I1_O)        0.124     3.425 r  counter[0]_i_1/O
                         net (fo=26, routed)          0.799     4.224    counter[0]_i_1_n_0
    SLICE_X113Y91        FDRE                                         r  counter_reg[20]/R
  -------------------------------------------------------------------    -------------------

                         (clock sys_clk_pin rise edge)
                                                      0.000     0.000 r  <hidden>
    H16                                               0.000     0.000 r  clk
                         net (fo=0)                   0.000     0.000    clk
    H16                  IBUF (Prop_ibuf_I_O)         1.380     1.380 r  clk_IBUF_inst/O
                         net (fo=1, routed)           2.293     3.673    clk_IBUF
    BUFGCTRL_X0Y16       BUFG (Prop_bufg_I_O)         0.091     3.764 r  clk_IBUF_BUFG_inst/O
                         net (fo=27, routed)          1.685     5.449    clk_IBUF_BUFG
    SLICE_X113Y91        FDRE                                         r  counter_reg[20]/C

Slack:                    inf
  Source:                 rst
                            (input port)
  Destination:            counter_reg[21]/R
                            (rising edge-triggered cell FDRE clocked by sys_clk_pin  {rise@0.000ns fall@5.000ns period=10.000ns})
  Path Group:             (none)
  Path Type:              Setup (Max at Slow Process Corner)
  Data Path Delay:        4.224ns  (logic 1.585ns (37.526%)  route 2.639ns (62.474%))
  Logic Levels:           2  (IBUF=1 LUT2=1)
  Clock Path Skew:        5.449ns (DCD - SCD + CPR)
    Destination Clock Delay (DCD):    5.449ns
    Source Clock Delay      (SCD):    0.000ns
    Clock Pessimism Removal (CPR):    0.000ns
  Clock Uncertainty:      0.025ns  ((TSJ^2 + TIJ^2)^1/2 + DJ) / 2 + PE
    Total System Jitter     (TSJ):    0.050ns
    Total Input Jitter      (TIJ):    0.000ns
    Discrete Jitter          (DJ):    0.000ns
    Phase Error              (PE):    0.000ns

    Location             Delay type                Incr(ns)  Path(ns)    Netlist Resource(s)
  -------------------------------------------------------------------    -------------------
    P18                                               0.000     0.000 r  rst
                         net (fo=0)                   0.000     0.000    rst
    P18                  IBUF (Prop_ibuf_I_O)         1.461     1.461 r  rst_IBUF_inst/O
                         net (fo=2, routed)           1.840     3.301    rst_IBUF
    SLICE_X112Y87        LUT2 (Prop_lut2_I1_O)        0.124     3.425 r  counter[0]_i_1/O
                         net (fo=26, routed)          0.799     4.224    counter[0]_i_1_n_0
    SLICE_X113Y91        FDRE                                         r  counter_reg[21]/R
  -------------------------------------------------------------------    -------------------

                         (clock sys_clk_pin rise edge)
                                                      0.000     0.000 r  <hidden>
    H16                                               0.000     0.000 r  clk
                         net (fo=0)                   0.000     0.000    clk
    H16                  IBUF (Prop_ibuf_I_O)         1.380     1.380 r  clk_IBUF_inst/O
                         net (fo=1, routed)           2.293     3.673    clk_IBUF
    BUFGCTRL_X0Y16       BUFG (Prop_bufg_I_O)         0.091     3.764 r  clk_IBUF_BUFG_inst/O
                         net (fo=27, routed)          1.685     5.449    clk_IBUF_BUFG
    SLICE_X113Y91        FDRE                                         r  counter_reg[21]/C

Slack:                    inf
  Source:                 rst
                            (input port)
  Destination:            counter_reg[22]/R
                            (rising edge-triggered cell FDRE clocked by sys_clk_pin  {rise@0.000ns fall@5.000ns period=10.000ns})
  Path Group:             (none)
  Path Type:              Setup (Max at Slow Process Corner)
  Data Path Delay:        4.224ns  (logic 1.585ns (37.526%)  route 2.639ns (62.474%))
  Logic Levels:           2  (IBUF=1 LUT2=1)
  Clock Path Skew:        5.449ns (DCD - SCD + CPR)
    Destination Clock Delay (DCD):    5.449ns
    Source Clock Delay      (SCD):    0.000ns
    Clock Pessimism Removal (CPR):    0.000ns
  Clock Uncertainty:      0.025ns  ((TSJ^2 + TIJ^2)^1/2 + DJ) / 2 + PE
    Total System Jitter     (TSJ):    0.050ns
    Total Input Jitter      (TIJ):    0.000ns
    Discrete Jitter          (DJ):    0.000ns
    Phase Error              (PE):    0.000ns

    Location             Delay type                Incr(ns)  Path(ns)    Netlist Resource(s)
  -------------------------------------------------------------------    -------------------
    P18                                               0.000     0.000 r  rst
                         net (fo=0)                   0.000     0.000    rst
    P18                  IBUF (Prop_ibuf_I_O)         1.461     1.461 r  rst_IBUF_inst/O
                         net (fo=2, routed)           1.840     3.301    rst_IBUF
    SLICE_X112Y87        LUT2 (Prop_lut2_I1_O)        0.124     3.425 r  counter[0]_i_1/O
                         net (fo=26, routed)          0.799     4.224    counter[0]_i_1_n_0
    SLICE_X113Y91        FDRE                                         r  counter_reg[22]/R
  -------------------------------------------------------------------    -------------------

                         (clock sys_clk_pin rise edge)
                                                      0.000     0.000 r  <hidden>
    H16                                               0.000     0.000 r  clk
                         net (fo=0)                   0.000     0.000    clk
    H16                  IBUF (Prop_ibuf_I_O)         1.380     1.380 r  clk_IBUF_inst/O
                         net (fo=1, routed)           2.293     3.673    clk_IBUF
    BUFGCTRL_X0Y16       BUFG (Prop_bufg_I_O)         0.091     3.764 r  clk_IBUF_BUFG_inst/O
                         net (fo=27, routed)          1.685     5.449    clk_IBUF_BUFG
    SLICE_X113Y91        FDRE                                         r  counter_reg[22]/C

Slack:                    inf
  Source:                 rst
                            (input port)
  Destination:            counter_reg[23]/R
                            (rising edge-triggered cell FDRE clocked by sys_clk_pin  {rise@0.000ns fall@5.000ns period=10.000ns})
  Path Group:             (none)
  Path Type:              Setup (Max at Slow Process Corner)
  Data Path Delay:        4.224ns  (logic 1.585ns (37.526%)  route 2.639ns (62.474%))
  Logic Levels:           2  (IBUF=1 LUT2=1)
  Clock Path Skew:        5.449ns (DCD - SCD + CPR)
    Destination Clock Delay (DCD):    5.449ns
    Source Clock Delay      (SCD):    0.000ns
    Clock Pessimism Removal (CPR):    0.000ns
  Clock Uncertainty:      0.025ns  ((TSJ^2 + TIJ^2)^1/2 + DJ) / 2 + PE
    Total System Jitter     (TSJ):    0.050ns
    Total Input Jitter      (TIJ):    0.000ns
    Discrete Jitter          (DJ):    0.000ns
    Phase Error              (PE):    0.000ns

    Location             Delay type                Incr(ns)  Path(ns)    Netlist Resource(s)
  -------------------------------------------------------------------    -------------------
    P18                                               0.000     0.000 r  rst
                         net (fo=0)                   0.000     0.000    rst
    P18                  IBUF (Prop_ibuf_I_O)         1.461     1.461 r  rst_IBUF_inst/O
                         net (fo=2, routed)           1.840     3.301    rst_IBUF
    SLICE_X112Y87        LUT2 (Prop_lut2_I1_O)        0.124     3.425 r  counter[0]_i_1/O
                         net (fo=26, routed)          0.799     4.224    counter[0]_i_1_n_0
    SLICE_X113Y91        FDRE                                         r  counter_reg[23]/R
  -------------------------------------------------------------------    -------------------

                         (clock sys_clk_pin rise edge)
                                                      0.000     0.000 r  <hidden>
    H16                                               0.000     0.000 r  clk
                         net (fo=0)                   0.000     0.000    clk
    H16                  IBUF (Prop_ibuf_I_O)         1.380     1.380 r  clk_IBUF_inst/O
                         net (fo=1, routed)           2.293     3.673    clk_IBUF
    BUFGCTRL_X0Y16       BUFG (Prop_bufg_I_O)         0.091     3.764 r  clk_IBUF_BUFG_inst/O
                         net (fo=27, routed)          1.685     5.449    clk_IBUF_BUFG
    SLICE_X113Y91        FDRE                                         r  counter_reg[23]/C





Min Delay Paths
--------------------------------------------------------------------------------------
Slack:                    inf
  Source:                 rst
                            (input port)
  Destination:            counter_reg[10]/R
                            (rising edge-triggered cell FDRE clocked by sys_clk_pin  {rise@0.000ns fall@5.000ns period=10.000ns})
  Path Group:             (none)
  Path Type:              Hold (Min at Fast Process Corner)
  Data Path Delay:        1.189ns  (logic 0.274ns (23.041%)  route 0.915ns (76.959%))
  Logic Levels:           2  (IBUF=1 LUT2=1)
  Clock Path Skew:        2.248ns (DCD - SCD - CPR)
    Destination Clock Delay (DCD):    2.248ns
    Source Clock Delay      (SCD):    0.000ns
    Clock Pessimism Removal (CPR):    -0.000ns

    Location             Delay type                Incr(ns)  Path(ns)    Netlist Resource(s)
  -------------------------------------------------------------------    -------------------
    P18                                               0.000     0.000 r  rst
                         net (fo=0)                   0.000     0.000    rst
    P18                  IBUF (Prop_ibuf_I_O)         0.229     0.229 r  rst_IBUF_inst/O
                         net (fo=2, routed)           0.728     0.957    rst_IBUF
    SLICE_X112Y87        LUT2 (Prop_lut2_I1_O)        0.045     1.002 r  counter[0]_i_1/O
                         net (fo=26, routed)          0.187     1.189    counter[0]_i_1_n_0
    SLICE_X113Y88        FDRE                                         r  counter_reg[10]/R
  -------------------------------------------------------------------    -------------------

                         (clock sys_clk_pin rise edge)
                                                      0.000     0.000 r  <hidden>
    H16                                               0.000     0.000 r  clk
                         net (fo=0)                   0.000     0.000    clk
    H16                  IBUF (Prop_ibuf_I_O)         0.406     0.406 r  clk_IBUF_inst/O
                         net (fo=1, routed)           0.907     1.313    clk_IBUF
    BUFGCTRL_X0Y16       BUFG (Prop_bufg_I_O)         0.029     1.342 r  clk_IBUF_BUFG_inst/O
                         net (fo=27, routed)          0.906     2.248    clk_IBUF_BUFG
    SLICE_X113Y88        FDRE                                         r  counter_reg[10]/C

Slack:                    inf
  Source:                 rst
                            (input port)
  Destination:            counter_reg[11]/R
                            (rising edge-triggered cell FDRE clocked by sys_clk_pin  {rise@0.000ns fall@5.000ns period=10.000ns})
  Path Group:             (none)
  Path Type:              Hold (Min at Fast Process Corner)
  Data Path Delay:        1.189ns  (logic 0.274ns (23.041%)  route 0.915ns (76.959%))
  Logic Levels:           2  (IBUF=1 LUT2=1)
  Clock Path Skew:        2.248ns (DCD - SCD - CPR)
    Destination Clock Delay (DCD):    2.248ns
    Source Clock Delay      (SCD):    0.000ns
    Clock Pessimism Removal (CPR):    -0.000ns

    Location             Delay type                Incr(ns)  Path(ns)    Netlist Resource(s)
  -------------------------------------------------------------------    -------------------
    P18                                               0.000     0.000 r  rst
                         net (fo=0)                   0.000     0.000    rst
    P18                  IBUF (Prop_ibuf_I_O)         0.229     0.229 r  rst_IBUF_inst/O
                         net (fo=2, routed)           0.728     0.957    rst_IBUF
    SLICE_X112Y87        LUT2 (Prop_lut2_I1_O)        0.045     1.002 r  counter[0]_i_1/O
                         net (fo=26, routed)          0.187     1.189    counter[0]_i_1_n_0
    SLICE_X113Y88        FDRE                                         r  counter_reg[11]/R
  -------------------------------------------------------------------    -------------------

                         (clock sys_clk_pin rise edge)
                                                      0.000     0.000 r  <hidden>
    H16                                               0.000     0.000 r  clk
                         net (fo=0)                   0.000     0.000    clk
    H16                  IBUF (Prop_ibuf_I_O)         0.406     0.406 r  clk_IBUF_inst/O
                         net (fo=1, routed)           0.907     1.313    clk_IBUF
    BUFGCTRL_X0Y16       BUFG (Prop_bufg_I_O)         0.029     1.342 r  clk_IBUF_BUFG_inst/O
                         net (fo=27, routed)          0.906     2.248    clk_IBUF_BUFG
    SLICE_X113Y88        FDRE                                         r  counter_reg[11]/C

Slack:                    inf
  Source:                 rst
                            (input port)
  Destination:            counter_reg[8]/R
                            (rising edge-triggered cell FDRE clocked by sys_clk_pin  {rise@0.000ns fall@5.000ns period=10.000ns})
  Path Group:             (none)
  Path Type:              Hold (Min at Fast Process Corner)
  Data Path Delay:        1.189ns  (logic 0.274ns (23.041%)  route 0.915ns (76.959%))
  Logic Levels:           2  (IBUF=1 LUT2=1)
  Clock Path Skew:        2.248ns (DCD - SCD - CPR)
    Destination Clock Delay (DCD):    2.248ns
    Source Clock Delay      (SCD):    0.000ns
    Clock Pessimism Removal (CPR):    -0.000ns

    Location             Delay type                Incr(ns)  Path(ns)    Netlist Resource(s)
  -------------------------------------------------------------------    -------------------
    P18                                               0.000     0.000 r  rst
                         net (fo=0)                   0.000     0.000    rst
    P18                  IBUF (Prop_ibuf_I_O)         0.229     0.229 r  rst_IBUF_inst/O
                         net (fo=2, routed)           0.728     0.957    rst_IBUF
    SLICE_X112Y87        LUT2 (Prop_lut2_I1_O)        0.045     1.002 r  counter[0]_i_1/O
                         net (fo=26, routed)          0.187     1.189    counter[0]_i_1_n_0
    SLICE_X113Y88        FDRE                                         r  counter_reg[8]/R
  -------------------------------------------------------------------    -------------------

                         (clock sys_clk_pin rise edge)
                                                      0.000     0.000 r  <hidden>
    H16                                               0.000     0.000 r  clk
                         net (fo=0)                   0.000     0.000    clk
    H16                  IBUF (Prop_ibuf_I_O)         0.406     0.406 r  clk_IBUF_inst/O
                         net (fo=1, routed)           0.907     1.313    clk_IBUF
    BUFGCTRL_X0Y16       BUFG (Prop_bufg_I_O)         0.029     1.342 r  clk_IBUF_BUFG_inst/O
                         net (fo=27, routed)          0.906     2.248    clk_IBUF_BUFG
    SLICE_X113Y88        FDRE                                         r  counter_reg[8]/C

Slack:                    inf
  Source:                 rst
                            (input port)
  Destination:            counter_reg[9]/R
                            (rising edge-triggered cell FDRE clocked by sys_clk_pin  {rise@0.000ns fall@5.000ns period=10.000ns})
  Path Group:             (none)
  Path Type:              Hold (Min at Fast Process Corner)
  Data Path Delay:        1.189ns  (logic 0.274ns (23.041%)  route 0.915ns (76.959%))
  Logic Levels:           2  (IBUF=1 LUT2=1)
  Clock Path Skew:        2.248ns (DCD - SCD - CPR)
    Destination Clock Delay (DCD):    2.248ns
    Source Clock Delay      (SCD):    0.000ns
    Clock Pessimism Removal (CPR):    -0.000ns

    Location             Delay type                Incr(ns)  Path(ns)    Netlist Resource(s)
  -------------------------------------------------------------------    -------------------
    P18                                               0.000     0.000 r  rst
                         net (fo=0)                   0.000     0.000    rst
    P18                  IBUF (Prop_ibuf_I_O)         0.229     0.229 r  rst_IBUF_inst/O
                         net (fo=2, routed)           0.728     0.957    rst_IBUF
    SLICE_X112Y87        LUT2 (Prop_lut2_I1_O)        0.045     1.002 r  counter[0]_i_1/O
                         net (fo=26, routed)          0.187     1.189    counter[0]_i_1_n_0
    SLICE_X113Y88        FDRE                                         r  counter_reg[9]/R
  -------------------------------------------------------------------    -------------------

                         (clock sys_clk_pin rise edge)
                                                      0.000     0.000 r  <hidden>
    H16                                               0.000     0.000 r  clk
                         net (fo=0)                   0.000     0.000    clk
    H16                  IBUF (Prop_ibuf_I_O)         0.406     0.406 r  clk_IBUF_inst/O
                         net (fo=1, routed)           0.907     1.313    clk_IBUF
    BUFGCTRL_X0Y16       BUFG (Prop_bufg_I_O)         0.029     1.342 r  clk_IBUF_BUFG_inst/O
                         net (fo=27, routed)          0.906     2.248    clk_IBUF_BUFG
    SLICE_X113Y88        FDRE                                         r  counter_reg[9]/C

Slack:                    inf
  Source:                 rst
                            (input port)
  Destination:            counter_reg[12]/R
                            (rising edge-triggered cell FDRE clocked by sys_clk_pin  {rise@0.000ns fall@5.000ns period=10.000ns})
  Path Group:             (none)
  Path Type:              Hold (Min at Fast Process Corner)
  Data Path Delay:        1.193ns  (logic 0.274ns (22.967%)  route 0.919ns (77.033%))
  Logic Levels:           2  (IBUF=1 LUT2=1)
  Clock Path Skew:        2.248ns (DCD - SCD - CPR)
    Destination Clock Delay (DCD):    2.248ns
    Source Clock Delay      (SCD):    0.000ns
    Clock Pessimism Removal (CPR):    -0.000ns

    Location             Delay type                Incr(ns)  Path(ns)    Netlist Resource(s)
  -------------------------------------------------------------------    -------------------
    P18                                               0.000     0.000 r  rst
                         net (fo=0)                   0.000     0.000    rst
    P18                  IBUF (Prop_ibuf_I_O)         0.229     0.229 r  rst_IBUF_inst/O
                         net (fo=2, routed)           0.728     0.957    rst_IBUF
    SLICE_X112Y87        LUT2 (Prop_lut2_I1_O)        0.045     1.002 r  counter[0]_i_1/O
                         net (fo=26, routed)          0.191     1.193    counter[0]_i_1_n_0
    SLICE_X113Y89        FDRE                                         r  counter_reg[12]/R
  -------------------------------------------------------------------    -------------------

                         (clock sys_clk_pin rise edge)
                                                      0.000     0.000 r  <hidden>
    H16                                               0.000     0.000 r  clk
                         net (fo=0)                   0.000     0.000    clk
    H16                  IBUF (Prop_ibuf_I_O)         0.406     0.406 r  clk_IBUF_inst/O
                         net (fo=1, routed)           0.907     1.313    clk_IBUF
    BUFGCTRL_X0Y16       BUFG (Prop_bufg_I_O)         0.029     1.342 r  clk_IBUF_BUFG_inst/O
                         net (fo=27, routed)          0.906     2.248    clk_IBUF_BUFG
    SLICE_X113Y89        FDRE                                         r  counter_reg[12]/C

Slack:                    inf
  Source:                 rst
                            (input port)
  Destination:            counter_reg[13]/R
                            (rising edge-triggered cell FDRE clocked by sys_clk_pin  {rise@0.000ns fall@5.000ns period=10.000ns})
  Path Group:             (none)
  Path Type:              Hold (Min at Fast Process Corner)
  Data Path Delay:        1.193ns  (logic 0.274ns (22.967%)  route 0.919ns (77.033%))
  Logic Levels:           2  (IBUF=1 LUT2=1)
  Clock Path Skew:        2.248ns (DCD - SCD - CPR)
    Destination Clock Delay (DCD):    2.248ns
    Source Clock Delay      (SCD):    0.000ns
    Clock Pessimism Removal (CPR):    -0.000ns

    Location             Delay type                Incr(ns)  Path(ns)    Netlist Resource(s)
  -------------------------------------------------------------------    -------------------
    P18                                               0.000     0.000 r  rst
                         net (fo=0)                   0.000     0.000    rst
    P18                  IBUF (Prop_ibuf_I_O)         0.229     0.229 r  rst_IBUF_inst/O
                         net (fo=2, routed)           0.728     0.957    rst_IBUF
    SLICE_X112Y87        LUT2 (Prop_lut2_I1_O)        0.045     1.002 r  counter[0]_i_1/O
                         net (fo=26, routed)          0.191     1.193    counter[0]_i_1_n_0
    SLICE_X113Y89        FDRE                                         r  counter_reg[13]/R
  -------------------------------------------------------------------    -------------------

                         (clock sys_clk_pin rise edge)
                                                      0.000     0.000 r  <hidden>
    H16                                               0.000     0.000 r  clk
                         net (fo=0)                   0.000     0.000    clk
    H16                  IBUF (Prop_ibuf_I_O)         0.406     0.406 r  clk_IBUF_inst/O
                         net (fo=1, routed)           0.907     1.313    clk_IBUF
    BUFGCTRL_X0Y16       BUFG (Prop_bufg_I_O)         0.029     1.342 r  clk_IBUF_BUFG_inst/O
                         net (fo=27, routed)          0.906     2.248    clk_IBUF_BUFG
    SLICE_X113Y89        FDRE                                         r  counter_reg[13]/C

Slack:                    inf
  Source:                 rst
                            (input port)
  Destination:            counter_reg[14]/R
                            (rising edge-triggered cell FDRE clocked by sys_clk_pin  {rise@0.000ns fall@5.000ns period=10.000ns})
  Path Group:             (none)
  Path Type:              Hold (Min at Fast Process Corner)
  Data Path Delay:        1.193ns  (logic 0.274ns (22.967%)  route 0.919ns (77.033%))
  Logic Levels:           2  (IBUF=1 LUT2=1)
  Clock Path Skew:        2.248ns (DCD - SCD - CPR)
    Destination Clock Delay (DCD):    2.248ns
    Source Clock Delay      (SCD):    0.000ns
    Clock Pessimism Removal (CPR):    -0.000ns

    Location             Delay type                Incr(ns)  Path(ns)    Netlist Resource(s)
  -------------------------------------------------------------------    -------------------
    P18                                               0.000     0.000 r  rst
                         net (fo=0)                   0.000     0.000    rst
    P18                  IBUF (Prop_ibuf_I_O)         0.229     0.229 r  rst_IBUF_inst/O
                         net (fo=2, routed)           0.728     0.957    rst_IBUF
    SLICE_X112Y87        LUT2 (Prop_lut2_I1_O)        0.045     1.002 r  counter[0]_i_1/O
                         net (fo=26, routed)          0.191     1.193    counter[0]_i_1_n_0
    SLICE_X113Y89        FDRE                                         r  counter_reg[14]/R
  -------------------------------------------------------------------    -------------------

                         (clock sys_clk_pin rise edge)
                                                      0.000     0.000 r  <hidden>
    H16                                               0.000     0.000 r  clk
                         net (fo=0)                   0.000     0.000    clk
    H16                  IBUF (Prop_ibuf_I_O)         0.406     0.406 r  clk_IBUF_inst/O
                         net (fo=1, routed)           0.907     1.313    clk_IBUF
    BUFGCTRL_X0Y16       BUFG (Prop_bufg_I_O)         0.029     1.342 r  clk_IBUF_BUFG_inst/O
                         net (fo=27, routed)          0.906     2.248    clk_IBUF_BUFG
    SLICE_X113Y89        FDRE                                         r  counter_reg[14]/C

Slack:                    inf
  Source:                 rst
                            (input port)
  Destination:            counter_reg[15]/R
                            (rising edge-triggered cell FDRE clocked by sys_clk_pin  {rise@0.000ns fall@5.000ns period=10.000ns})
  Path Group:             (none)
  Path Type:              Hold (Min at Fast Process Corner)
  Data Path Delay:        1.193ns  (logic 0.274ns (22.967%)  route 0.919ns (77.033%))
  Logic Levels:           2  (IBUF=1 LUT2=1)
  Clock Path Skew:        2.248ns (DCD - SCD - CPR)
    Destination Clock Delay (DCD):    2.248ns
    Source Clock Delay      (SCD):    0.000ns
    Clock Pessimism Removal (CPR):    -0.000ns

    Location             Delay type                Incr(ns)  Path(ns)    Netlist Resource(s)
  -------------------------------------------------------------------    -------------------
    P18                                               0.000     0.000 r  rst
                         net (fo=0)                   0.000     0.000    rst
    P18                  IBUF (Prop_ibuf_I_O)         0.229     0.229 r  rst_IBUF_inst/O
                         net (fo=2, routed)           0.728     0.957    rst_IBUF
    SLICE_X112Y87        LUT2 (Prop_lut2_I1_O)        0.045     1.002 r  counter[0]_i_1/O
                         net (fo=26, routed)          0.191     1.193    counter[0]_i_1_n_0
    SLICE_X113Y89        FDRE                                         r  counter_reg[15]/R
  -------------------------------------------------------------------    -------------------

                         (clock sys_clk_pin rise edge)
                                                      0.000     0.000 r  <hidden>
    H16                                               0.000     0.000 r  clk
                         net (fo=0)                   0.000     0.000    clk
    H16                  IBUF (Prop_ibuf_I_O)         0.406     0.406 r  clk_IBUF_inst/O
                         net (fo=1, routed)           0.907     1.313    clk_IBUF
    BUFGCTRL_X0Y16       BUFG (Prop_bufg_I_O)         0.029     1.342 r  clk_IBUF_BUFG_inst/O
                         net (fo=27, routed)          0.906     2.248    clk_IBUF_BUFG
    SLICE_X113Y89        FDRE                                         r  counter_reg[15]/C

Slack:                    inf
  Source:                 rst
                            (input port)
  Destination:            led_reg/D
                            (rising edge-triggered cell FDRE clocked by sys_clk_pin  {rise@0.000ns fall@5.000ns period=10.000ns})
  Path Group:             (none)
  Path Type:              Hold (Min at Fast Process Corner)
  Data Path Delay:        1.196ns  (logic 0.274ns (22.907%)  route 0.922ns (77.093%))
  Logic Levels:           2  (IBUF=1 LUT3=1)
  Clock Path Skew:        2.246ns (DCD - SCD - CPR)
    Destination Clock Delay (DCD):    2.246ns
    Source Clock Delay      (SCD):    0.000ns
    Clock Pessimism Removal (CPR):    -0.000ns

    Location             Delay type                Incr(ns)  Path(ns)    Netlist Resource(s)
  -------------------------------------------------------------------    -------------------
    P18                                               0.000     0.000 f  rst
                         net (fo=0)                   0.000     0.000    rst
    P18                  IBUF (Prop_ibuf_I_O)         0.229     0.229 f  rst_IBUF_inst/O
                         net (fo=2, routed)           0.922     1.151    rst_IBUF
    SLICE_X112Y87        LUT3 (Prop_lut3_I2_O)        0.045     1.196 r  led_i_1/O
                         net (fo=1, routed)           0.000     1.196    led_i_1_n_0
    SLICE_X112Y87        FDRE                                         r  led_reg/D
  -------------------------------------------------------------------    -------------------

                         (clock sys_clk_pin rise edge)
                                                      0.000     0.000 r  <hidden>
    H16                                               0.000     0.000 r  clk
                         net (fo=0)                   0.000     0.000    clk
    H16                  IBUF (Prop_ibuf_I_O)         0.406     0.406 r  clk_IBUF_inst/O
                         net (fo=1, routed)           0.907     1.313    clk_IBUF
    BUFGCTRL_X0Y16       BUFG (Prop_bufg_I_O)         0.029     1.342 r  clk_IBUF_BUFG_inst/O
                         net (fo=27, routed)          0.904     2.246    clk_IBUF_BUFG
    SLICE_X112Y87        FDRE                                         r  led_reg/C

Slack:                    inf
  Source:                 rst
                            (input port)
  Destination:            counter_reg[0]/R
                            (rising edge-triggered cell FDRE clocked by sys_clk_pin  {rise@0.000ns fall@5.000ns period=10.000ns})
  Path Group:             (none)
  Path Type:              Hold (Min at Fast Process Corner)
  Data Path Delay:        1.241ns  (logic 0.274ns (22.084%)  route 0.967ns (77.916%))
  Logic Levels:           2  (IBUF=1 LUT2=1)
  Clock Path Skew:        2.245ns (DCD - SCD - CPR)
    Destination Clock Delay (DCD):    2.245ns
    Source Clock Delay      (SCD):    0.000ns
    Clock Pessimism Removal (CPR):    -0.000ns

    Location             Delay type                Incr(ns)  Path(ns)    Netlist Resource(s)
  -------------------------------------------------------------------    -------------------
    P18                                               0.000     0.000 r  rst
                         net (fo=0)                   0.000     0.000    rst
    P18                  IBUF (Prop_ibuf_I_O)         0.229     0.229 r  rst_IBUF_inst/O
                         net (fo=2, routed)           0.728     0.957    rst_IBUF
    SLICE_X112Y87        LUT2 (Prop_lut2_I1_O)        0.045     1.002 r  counter[0]_i_1/O
                         net (fo=26, routed)          0.239     1.241    counter[0]_i_1_n_0
    SLICE_X113Y86        FDRE                                         r  counter_reg[0]/R
  -------------------------------------------------------------------    -------------------

                         (clock sys_clk_pin rise edge)
                                                      0.000     0.000 r  <hidden>
    H16                                               0.000     0.000 r  clk
                         net (fo=0)                   0.000     0.000    clk
    H16                  IBUF (Prop_ibuf_I_O)         0.406     0.406 r  clk_IBUF_inst/O
                         net (fo=1, routed)           0.907     1.313    clk_IBUF
    BUFGCTRL_X0Y16       BUFG (Prop_bufg_I_O)         0.029     1.342 r  clk_IBUF_BUFG_inst/O
                         net (fo=27, routed)          0.903     2.245    clk_IBUF_BUFG
    SLICE_X113Y86        FDRE                                         r  counter_reg[0]/C





