Copyright 1986-2022 Xilinx, Inc. All Rights Reserved. Copyright 2022-2026 Advanced Micro Devices, Inc. All Rights Reserved.
---------------------------------------------------------------------------------------------------------------------------------------------------------------------------------------------------------------------------------------
| Tool Version : Vivado v.2026.1 (lin64) Build 6511674 Tue Jun 16 11:01:26 MDT 2026
| Date         : Thu Sep 17 19:25:21 2026
| Host         : ahmet-IdeaPad-Gaming-3-15ACH6 running 64-bit Ubuntu 24.04.5 LTS
| Command      : report_timing_summary -max_paths 10 -routable_nets -report_unconstrained -file led_blink_timing_summary_routed.rpt -pb led_blink_timing_summary_routed.pb -rpx led_blink_timing_summary_routed.rpx -warn_on_violation
| Design       : led_blink
| Device       : 7z010-clg400
| Speed File   : -1  PRODUCTION 1.12 2019-11-22
| Design State : Routed
---------------------------------------------------------------------------------------------------------------------------------------------------------------------------------------------------------------------------------------

Timing Summary Report

------------------------------------------------------------------------------------------------
| Timer Settings
| --------------
------------------------------------------------------------------------------------------------

  Enable Multi Corner Analysis               :  Yes
  Enable Pessimism Removal                   :  Yes
  Pessimism Removal Resolution               :  Nearest Common Node
  Enable Input Delay Default Clock           :  No
  Enable Preset / Clear Arcs                 :  No
  Disable Flight Delays                      :  No
  Ignore I/O Paths                           :  No
  Timing Early Launch at Borrowing Latches   :  No
  Borrow Time for Max Delay Exceptions       :  Yes
  Merge Timing Exceptions                    :  Yes
  Inter-SLR Compensation                     :  Conservative

  Corner  Analyze    Analyze    
  Name    Max Paths  Min Paths  
  ------  ---------  ---------  
  Slow    Yes        Yes        
  Fast    Yes        Yes        


------------------------------------------------------------------------------------------------
| Report Methodology
| ------------------
------------------------------------------------------------------------------------------------

Rule       Severity  Description                    Violations  
---------  --------  -----------------------------  ----------  
TIMING-18  Warning   Missing input or output delay  1           

Note: This report is based on the most recent report_methodology run and may not be up-to-date. Run report_methodology on the current design for the latest report.



check_timing report

Table of Contents
-----------------
1. checking no_clock (0)
2. checking constant_clock (0)
3. checking pulse_width_clock (0)
4. checking unconstrained_internal_endpoints (0)
5. checking no_input_delay (0)
6. checking no_output_delay (1)
7. checking multiple_clock (0)
8. checking generated_clocks (0)
9. checking loops (0)
10. checking partial_input_delay (0)
11. checking partial_output_delay (0)
12. checking latch_loops (0)

1. checking no_clock (0)
------------------------
 There are 0 register/latch pins with no clock.


2. checking constant_clock (0)
------------------------------
 There are 0 register/latch pins with constant_clock.


3. checking pulse_width_clock (0)
---------------------------------
 There are 0 register/latch pins which need pulse_width check


4. checking unconstrained_internal_endpoints (0)
------------------------------------------------
 There are 0 pins that are not constrained for maximum delay.

 There are 0 pins that are not constrained for maximum delay due to constant clock.


5. checking no_input_delay (0)
------------------------------
 There are 0 input ports with no input delay specified.

 There are 0 input ports with no input delay but user has a false path constraint.


6. checking no_output_delay (1)
-------------------------------
 There is 1 port with no output delay specified. (HIGH)

 There are 0 ports with no output delay but user has a false path constraint

 There are 0 ports with no output delay but with a timing clock defined on it or propagating through it


7. checking multiple_clock (0)
------------------------------
 There are 0 register/latch pins with multiple clocks.


8. checking generated_clocks (0)
--------------------------------
 There are 0 generated clocks that are not connected to a clock source.


9. checking loops (0)
---------------------
 There are 0 combinational loops in the design.


10. checking partial_input_delay (0)
------------------------------------
 There are 0 input ports with partial input delay specified.


11. checking partial_output_delay (0)
-------------------------------------
 There are 0 ports with partial output delay specified.


12. checking latch_loops (0)
----------------------------
 There are 0 combinational latch loops in the design through latch input



------------------------------------------------------------------------------------------------
| Design Timing Summary
| ---------------------
------------------------------------------------------------------------------------------------

    WNS(ns)      TNS(ns)  TNS Failing Endpoints  TNS Total Endpoints      WHS(ns)      THS(ns)  THS Failing Endpoints  THS Total Endpoints     WPWS(ns)     TPWS(ns)  TPWS Failing Endpoints  TPWS Total Endpoints  
    -------      -------  ---------------------  -------------------      -------      -------  ---------------------  -------------------     --------     --------  ----------------------  --------------------  
      5.883        0.000                      0                   55        0.261        0.000                      0                   55        4.500        0.000                       0                    29  


All user specified timing constraints are met.


------------------------------------------------------------------------------------------------
| Clock Summary
| -------------
------------------------------------------------------------------------------------------------

Clock        Waveform(ns)       Period(ns)      Frequency(MHz)
-----        ------------       ----------      --------------
sys_clk_pin  {0.000 5.000}      10.000          100.000         


------------------------------------------------------------------------------------------------
| Intra Clock Table
| -----------------
------------------------------------------------------------------------------------------------

Clock             WNS(ns)      TNS(ns)  TNS Failing Endpoints  TNS Total Endpoints      WHS(ns)      THS(ns)  THS Failing Endpoints  THS Total Endpoints     WPWS(ns)     TPWS(ns)  TPWS Failing Endpoints  TPWS Total Endpoints  
-----             -------      -------  ---------------------  -------------------      -------      -------  ---------------------  -------------------     --------     --------  ----------------------  --------------------  
sys_clk_pin         5.883        0.000                      0                   55        0.261        0.000                      0                   55        4.500        0.000                       0                    29  


------------------------------------------------------------------------------------------------
| Inter Clock Table
| -----------------
------------------------------------------------------------------------------------------------

From Clock    To Clock          WNS(ns)      TNS(ns)  TNS Failing Endpoints  TNS Total Endpoints      WHS(ns)      THS(ns)  THS Failing Endpoints  THS Total Endpoints  
----------    --------          -------      -------  ---------------------  -------------------      -------      -------  ---------------------  -------------------  


------------------------------------------------------------------------------------------------
| Other Path Groups Table
| -----------------------
------------------------------------------------------------------------------------------------

Path Group    From Clock    To Clock          WNS(ns)      TNS(ns)  TNS Failing Endpoints  TNS Total Endpoints      WHS(ns)      THS(ns)  THS Failing Endpoints  THS Total Endpoints  
----------    ----------    --------          -------      -------  ---------------------  -------------------      -------      -------  ---------------------  -------------------  


------------------------------------------------------------------------------------------------
| User Ignored Path Table
| -----------------------
------------------------------------------------------------------------------------------------

Path Group    From Clock    To Clock    
----------    ----------    --------    


------------------------------------------------------------------------------------------------
| Unconstrained Path Table
| ------------------------
------------------------------------------------------------------------------------------------

Path Group    From Clock    To Clock    
----------    ----------    --------    
(none)        sys_clk_pin                 


------------------------------------------------------------------------------------------------
| Timing Details
| --------------
------------------------------------------------------------------------------------------------


---------------------------------------------------------------------------------------------------
From Clock:  sys_clk_pin
  To Clock:  sys_clk_pin

Setup :            0  Failing Endpoints,  Worst Slack        5.883ns,  Total Violation        0.000ns
Hold  :            0  Failing Endpoints,  Worst Slack        0.261ns,  Total Violation        0.000ns
PW    :            0  Failing Endpoints,  Worst Slack        4.500ns,  Total Violation        0.000ns
---------------------------------------------------------------------------------------------------


Max Delay Paths
--------------------------------------------------------------------------------------
Slack (MET) :             5.883ns  (required time - arrival time)
  Source:                 counter_reg[0]/C
                            (rising edge-triggered cell FDRE clocked by sys_clk_pin  {rise@0.000ns fall@5.000ns period=10.000ns})
  Destination:            counter_reg[25]/R
                            (rising edge-triggered cell FDRE clocked by sys_clk_pin  {rise@0.000ns fall@5.000ns period=10.000ns})
  Path Group:             sys_clk_pin
  Path Type:              Setup (Max at Slow Process Corner)
  Requirement:            10.000ns  (sys_clk_pin rise@10.000ns - sys_clk_pin rise@0.000ns)
  Data Path Delay:        3.632ns  (logic 0.766ns (21.091%)  route 2.866ns (78.909%))
  Logic Levels:           2  (LUT3=1 LUT5=1)
  Clock Path Skew:        -0.021ns (DCD - SCD + CPR)
    Destination Clock Delay (DCD):    4.936ns = ( 14.936 - 10.000 ) 
    Source Clock Delay      (SCD):    5.386ns
    Clock Pessimism Removal (CPR):    0.429ns
  Clock Uncertainty:      0.035ns  ((TSJ^2 + TIJ^2)^1/2 + DJ) / 2 + PE
    Total System Jitter     (TSJ):    0.071ns
    Total Input Jitter      (TIJ):    0.000ns
    Discrete Jitter          (DJ):    0.000ns
    Phase Error              (PE):    0.000ns

    Location             Delay type                Incr(ns)  Path(ns)    Netlist Resource(s)
  -------------------------------------------------------------------    -------------------
                         (clock sys_clk_pin rise edge)
                                                      0.000     0.000 r  <hidden>
    H16                                               0.000     0.000 r  clk
                         net (fo=0)                   0.000     0.000    clk
    H16                  IBUF (Prop_ibuf_I_O)         1.457     1.457 r  clk_IBUF_inst/O
                         net (fo=1, routed)           2.076     3.533    clk_IBUF
    BUFGCTRL_X0Y16       BUFG (Prop_bufg_I_O)         0.101     3.634 r  clk_IBUF_BUFG_inst/O
                         net (fo=28, routed)          1.752     5.386    clk_IBUF_BUFG
    SLICE_X42Y35         FDRE                                         r  counter_reg[0]/C
  -------------------------------------------------------------------    -------------------
    SLICE_X42Y35         FDRE (Prop_fdre_C_Q)         0.518     5.904 f  counter_reg[0]/Q
                         net (fo=3, routed)           1.259     7.163    counter[0]
    SLICE_X42Y35         LUT3 (Prop_lut3_I2_O)        0.124     7.287 r  counter[26]_i_3/O
                         net (fo=2, routed)           0.811     8.098    counter[26]_i_3_n_0
    SLICE_X42Y37         LUT5 (Prop_lut5_I0_O)        0.124     8.222 r  counter[26]_i_1/O
                         net (fo=27, routed)          0.796     9.018    counter[26]_i_1_n_0
    SLICE_X43Y41         FDRE                                         r  counter_reg[25]/R
  -------------------------------------------------------------------    -------------------

                         (clock sys_clk_pin rise edge)
                                                     10.000    10.000 r  <hidden>
    H16                                               0.000    10.000 r  clk
                         net (fo=0)                   0.000    10.000    clk
    H16                  IBUF (Prop_ibuf_I_O)         1.387    11.387 r  clk_IBUF_inst/O
                         net (fo=1, routed)           1.880    13.267    clk_IBUF
    BUFGCTRL_X0Y16       BUFG (Prop_bufg_I_O)         0.091    13.358 r  clk_IBUF_BUFG_inst/O
                         net (fo=28, routed)          1.578    14.936    clk_IBUF_BUFG
    SLICE_X43Y41         FDRE                                         r  counter_reg[25]/C
                         clock pessimism              0.429    15.365    <hidden>
                         clock uncertainty           -0.035    15.330    <hidden>
    SLICE_X43Y41         FDRE (Setup_fdre_C_R)       -0.429    14.901    counter_reg[25]
  -------------------------------------------------------------------
                         required time                         14.901    <hidden>
                         arrival time                          -9.018    <hidden>
  -------------------------------------------------------------------
                         slack                                  5.883    <hidden>

Slack (MET) :             5.883ns  (required time - arrival time)
  Source:                 counter_reg[0]/C
                            (rising edge-triggered cell FDRE clocked by sys_clk_pin  {rise@0.000ns fall@5.000ns period=10.000ns})
  Destination:            counter_reg[26]/R
                            (rising edge-triggered cell FDRE clocked by sys_clk_pin  {rise@0.000ns fall@5.000ns period=10.000ns})
  Path Group:             sys_clk_pin
  Path Type:              Setup (Max at Slow Process Corner)
  Requirement:            10.000ns  (sys_clk_pin rise@10.000ns - sys_clk_pin rise@0.000ns)
  Data Path Delay:        3.632ns  (logic 0.766ns (21.091%)  route 2.866ns (78.909%))
  Logic Levels:           2  (LUT3=1 LUT5=1)
  Clock Path Skew:        -0.021ns (DCD - SCD + CPR)
    Destination Clock Delay (DCD):    4.936ns = ( 14.936 - 10.000 ) 
    Source Clock Delay      (SCD):    5.386ns
    Clock Pessimism Removal (CPR):    0.429ns
  Clock Uncertainty:      0.035ns  ((TSJ^2 + TIJ^2)^1/2 + DJ) / 2 + PE
    Total System Jitter     (TSJ):    0.071ns
    Total Input Jitter      (TIJ):    0.000ns
    Discrete Jitter          (DJ):    0.000ns
    Phase Error              (PE):    0.000ns

    Location             Delay type                Incr(ns)  Path(ns)    Netlist Resource(s)
  -------------------------------------------------------------------    -------------------
                         (clock sys_clk_pin rise edge)
                                                      0.000     0.000 r  <hidden>
    H16                                               0.000     0.000 r  clk
                         net (fo=0)                   0.000     0.000    clk
    H16                  IBUF (Prop_ibuf_I_O)         1.457     1.457 r  clk_IBUF_inst/O
                         net (fo=1, routed)           2.076     3.533    clk_IBUF
    BUFGCTRL_X0Y16       BUFG (Prop_bufg_I_O)         0.101     3.634 r  clk_IBUF_BUFG_inst/O
                         net (fo=28, routed)          1.752     5.386    clk_IBUF_BUFG
    SLICE_X42Y35         FDRE                                         r  counter_reg[0]/C
  -------------------------------------------------------------------    -------------------
    SLICE_X42Y35         FDRE (Prop_fdre_C_Q)         0.518     5.904 f  counter_reg[0]/Q
                         net (fo=3, routed)           1.259     7.163    counter[0]
    SLICE_X42Y35         LUT3 (Prop_lut3_I2_O)        0.124     7.287 r  counter[26]_i_3/O
                         net (fo=2, routed)           0.811     8.098    counter[26]_i_3_n_0
    SLICE_X42Y37         LUT5 (Prop_lut5_I0_O)        0.124     8.222 r  counter[26]_i_1/O
                         net (fo=27, routed)          0.796     9.018    counter[26]_i_1_n_0
    SLICE_X43Y41         FDRE                                         r  counter_reg[26]/R
  -------------------------------------------------------------------    -------------------

                         (clock sys_clk_pin rise edge)
                                                     10.000    10.000 r  <hidden>
    H16                                               0.000    10.000 r  clk
                         net (fo=0)                   0.000    10.000    clk
    H16                  IBUF (Prop_ibuf_I_O)         1.387    11.387 r  clk_IBUF_inst/O
                         net (fo=1, routed)           1.880    13.267    clk_IBUF
    BUFGCTRL_X0Y16       BUFG (Prop_bufg_I_O)         0.091    13.358 r  clk_IBUF_BUFG_inst/O
                         net (fo=28, routed)          1.578    14.936    clk_IBUF_BUFG
    SLICE_X43Y41         FDRE                                         r  counter_reg[26]/C
                         clock pessimism              0.429    15.365    <hidden>
                         clock uncertainty           -0.035    15.330    <hidden>
    SLICE_X43Y41         FDRE (Setup_fdre_C_R)       -0.429    14.901    counter_reg[26]
  -------------------------------------------------------------------
                         required time                         14.901    <hidden>
                         arrival time                          -9.018    <hidden>
  -------------------------------------------------------------------
                         slack                                  5.883    <hidden>

Slack (MET) :             6.020ns  (required time - arrival time)
  Source:                 counter_reg[0]/C
                            (rising edge-triggered cell FDRE clocked by sys_clk_pin  {rise@0.000ns fall@5.000ns period=10.000ns})
  Destination:            counter_reg[21]/R
                            (rising edge-triggered cell FDRE clocked by sys_clk_pin  {rise@0.000ns fall@5.000ns period=10.000ns})
  Path Group:             sys_clk_pin
  Path Type:              Setup (Max at Slow Process Corner)
  Requirement:            10.000ns  (sys_clk_pin rise@10.000ns - sys_clk_pin rise@0.000ns)
  Data Path Delay:        3.494ns  (logic 0.766ns (21.926%)  route 2.728ns (78.074%))
  Logic Levels:           2  (LUT3=1 LUT5=1)
  Clock Path Skew:        -0.022ns (DCD - SCD + CPR)
    Destination Clock Delay (DCD):    4.935ns = ( 14.935 - 10.000 ) 
    Source Clock Delay      (SCD):    5.386ns
    Clock Pessimism Removal (CPR):    0.429ns
  Clock Uncertainty:      0.035ns  ((TSJ^2 + TIJ^2)^1/2 + DJ) / 2 + PE
    Total System Jitter     (TSJ):    0.071ns
    Total Input Jitter      (TIJ):    0.000ns
    Discrete Jitter          (DJ):    0.000ns
    Phase Error              (PE):    0.000ns

    Location             Delay type                Incr(ns)  Path(ns)    Netlist Resource(s)
  -------------------------------------------------------------------    -------------------
                         (clock sys_clk_pin rise edge)
                                                      0.000     0.000 r  <hidden>
    H16                                               0.000     0.000 r  clk
                         net (fo=0)                   0.000     0.000    clk
    H16                  IBUF (Prop_ibuf_I_O)         1.457     1.457 r  clk_IBUF_inst/O
                         net (fo=1, routed)           2.076     3.533    clk_IBUF
    BUFGCTRL_X0Y16       BUFG (Prop_bufg_I_O)         0.101     3.634 r  clk_IBUF_BUFG_inst/O
                         net (fo=28, routed)          1.752     5.386    clk_IBUF_BUFG
    SLICE_X42Y35         FDRE                                         r  counter_reg[0]/C
  -------------------------------------------------------------------    -------------------
    SLICE_X42Y35         FDRE (Prop_fdre_C_Q)         0.518     5.904 f  counter_reg[0]/Q
                         net (fo=3, routed)           1.259     7.163    counter[0]
    SLICE_X42Y35         LUT3 (Prop_lut3_I2_O)        0.124     7.287 r  counter[26]_i_3/O
                         net (fo=2, routed)           0.811     8.098    counter[26]_i_3_n_0
    SLICE_X42Y37         LUT5 (Prop_lut5_I0_O)        0.124     8.222 r  counter[26]_i_1/O
                         net (fo=27, routed)          0.658     8.880    counter[26]_i_1_n_0
    SLICE_X43Y40         FDRE                                         r  counter_reg[21]/R
  -------------------------------------------------------------------    -------------------

                         (clock sys_clk_pin rise edge)
                                                     10.000    10.000 r  <hidden>
    H16                                               0.000    10.000 r  clk
                         net (fo=0)                   0.000    10.000    clk
    H16                  IBUF (Prop_ibuf_I_O)         1.387    11.387 r  clk_IBUF_inst/O
                         net (fo=1, routed)           1.880    13.267    clk_IBUF
    BUFGCTRL_X0Y16       BUFG (Prop_bufg_I_O)         0.091    13.358 r  clk_IBUF_BUFG_inst/O
                         net (fo=28, routed)          1.577    14.935    clk_IBUF_BUFG
    SLICE_X43Y40         FDRE                                         r  counter_reg[21]/C
                         clock pessimism              0.429    15.364    <hidden>
                         clock uncertainty           -0.035    15.329    <hidden>
    SLICE_X43Y40         FDRE (Setup_fdre_C_R)       -0.429    14.900    counter_reg[21]
  -------------------------------------------------------------------
                         required time                         14.900    <hidden>
                         arrival time                          -8.880    <hidden>
  -------------------------------------------------------------------
                         slack                                  6.020    <hidden>

Slack (MET) :             6.020ns  (required time - arrival time)
  Source:                 counter_reg[0]/C
                            (rising edge-triggered cell FDRE clocked by sys_clk_pin  {rise@0.000ns fall@5.000ns period=10.000ns})
  Destination:            counter_reg[22]/R
                            (rising edge-triggered cell FDRE clocked by sys_clk_pin  {rise@0.000ns fall@5.000ns period=10.000ns})
  Path Group:             sys_clk_pin
  Path Type:              Setup (Max at Slow Process Corner)
  Requirement:            10.000ns  (sys_clk_pin rise@10.000ns - sys_clk_pin rise@0.000ns)
  Data Path Delay:        3.494ns  (logic 0.766ns (21.926%)  route 2.728ns (78.074%))
  Logic Levels:           2  (LUT3=1 LUT5=1)
  Clock Path Skew:        -0.022ns (DCD - SCD + CPR)
    Destination Clock Delay (DCD):    4.935ns = ( 14.935 - 10.000 ) 
    Source Clock Delay      (SCD):    5.386ns
    Clock Pessimism Removal (CPR):    0.429ns
  Clock Uncertainty:      0.035ns  ((TSJ^2 + TIJ^2)^1/2 + DJ) / 2 + PE
    Total System Jitter     (TSJ):    0.071ns
    Total Input Jitter      (TIJ):    0.000ns
    Discrete Jitter          (DJ):    0.000ns
    Phase Error              (PE):    0.000ns

    Location             Delay type                Incr(ns)  Path(ns)    Netlist Resource(s)
  -------------------------------------------------------------------    -------------------
                         (clock sys_clk_pin rise edge)
                                                      0.000     0.000 r  <hidden>
    H16                                               0.000     0.000 r  clk
                         net (fo=0)                   0.000     0.000    clk
    H16                  IBUF (Prop_ibuf_I_O)         1.457     1.457 r  clk_IBUF_inst/O
                         net (fo=1, routed)           2.076     3.533    clk_IBUF
    BUFGCTRL_X0Y16       BUFG (Prop_bufg_I_O)         0.101     3.634 r  clk_IBUF_BUFG_inst/O
                         net (fo=28, routed)          1.752     5.386    clk_IBUF_BUFG
    SLICE_X42Y35         FDRE                                         r  counter_reg[0]/C
  -------------------------------------------------------------------    -------------------
    SLICE_X42Y35         FDRE (Prop_fdre_C_Q)         0.518     5.904 f  counter_reg[0]/Q
                         net (fo=3, routed)           1.259     7.163    counter[0]
    SLICE_X42Y35         LUT3 (Prop_lut3_I2_O)        0.124     7.287 r  counter[26]_i_3/O
                         net (fo=2, routed)           0.811     8.098    counter[26]_i_3_n_0
    SLICE_X42Y37         LUT5 (Prop_lut5_I0_O)        0.124     8.222 r  counter[26]_i_1/O
                         net (fo=27, routed)          0.658     8.880    counter[26]_i_1_n_0
    SLICE_X43Y40         FDRE                                         r  counter_reg[22]/R
  -------------------------------------------------------------------    -------------------

                         (clock sys_clk_pin rise edge)
                                                     10.000    10.000 r  <hidden>
    H16                                               0.000    10.000 r  clk
                         net (fo=0)                   0.000    10.000    clk
    H16                  IBUF (Prop_ibuf_I_O)         1.387    11.387 r  clk_IBUF_inst/O
                         net (fo=1, routed)           1.880    13.267    clk_IBUF
    BUFGCTRL_X0Y16       BUFG (Prop_bufg_I_O)         0.091    13.358 r  clk_IBUF_BUFG_inst/O
                         net (fo=28, routed)          1.577    14.935    clk_IBUF_BUFG
    SLICE_X43Y40         FDRE                                         r  counter_reg[22]/C
                         clock pessimism              0.429    15.364    <hidden>
                         clock uncertainty           -0.035    15.329    <hidden>
    SLICE_X43Y40         FDRE (Setup_fdre_C_R)       -0.429    14.900    counter_reg[22]
  -------------------------------------------------------------------
                         required time                         14.900    <hidden>
                         arrival time                          -8.880    <hidden>
  -------------------------------------------------------------------
                         slack                                  6.020    <hidden>

Slack (MET) :             6.020ns  (required time - arrival time)
  Source:                 counter_reg[0]/C
                            (rising edge-triggered cell FDRE clocked by sys_clk_pin  {rise@0.000ns fall@5.000ns period=10.000ns})
  Destination:            counter_reg[23]/R
                            (rising edge-triggered cell FDRE clocked by sys_clk_pin  {rise@0.000ns fall@5.000ns period=10.000ns})
  Path Group:             sys_clk_pin
  Path Type:              Setup (Max at Slow Process Corner)
  Requirement:            10.000ns  (sys_clk_pin rise@10.000ns - sys_clk_pin rise@0.000ns)
  Data Path Delay:        3.494ns  (logic 0.766ns (21.926%)  route 2.728ns (78.074%))
  Logic Levels:           2  (LUT3=1 LUT5=1)
  Clock Path Skew:        -0.022ns (DCD - SCD + CPR)
    Destination Clock Delay (DCD):    4.935ns = ( 14.935 - 10.000 ) 
    Source Clock Delay      (SCD):    5.386ns
    Clock Pessimism Removal (CPR):    0.429ns
  Clock Uncertainty:      0.035ns  ((TSJ^2 + TIJ^2)^1/2 + DJ) / 2 + PE
    Total System Jitter     (TSJ):    0.071ns
    Total Input Jitter      (TIJ):    0.000ns
    Discrete Jitter          (DJ):    0.000ns
    Phase Error              (PE):    0.000ns

    Location             Delay type                Incr(ns)  Path(ns)    Netlist Resource(s)
  -------------------------------------------------------------------    -------------------
                         (clock sys_clk_pin rise edge)
                                                      0.000     0.000 r  <hidden>
    H16                                               0.000     0.000 r  clk
                         net (fo=0)                   0.000     0.000    clk
    H16                  IBUF (Prop_ibuf_I_O)         1.457     1.457 r  clk_IBUF_inst/O
                         net (fo=1, routed)           2.076     3.533    clk_IBUF
    BUFGCTRL_X0Y16       BUFG (Prop_bufg_I_O)         0.101     3.634 r  clk_IBUF_BUFG_inst/O
                         net (fo=28, routed)          1.752     5.386    clk_IBUF_BUFG
    SLICE_X42Y35         FDRE                                         r  counter_reg[0]/C
  -------------------------------------------------------------------    -------------------
    SLICE_X42Y35         FDRE (Prop_fdre_C_Q)         0.518     5.904 f  counter_reg[0]/Q
                         net (fo=3, routed)           1.259     7.163    counter[0]
    SLICE_X42Y35         LUT3 (Prop_lut3_I2_O)        0.124     7.287 r  counter[26]_i_3/O
                         net (fo=2, routed)           0.811     8.098    counter[26]_i_3_n_0
    SLICE_X42Y37         LUT5 (Prop_lut5_I0_O)        0.124     8.222 r  counter[26]_i_1/O
                         net (fo=27, routed)          0.658     8.880    counter[26]_i_1_n_0
    SLICE_X43Y40         FDRE                                         r  counter_reg[23]/R
  -------------------------------------------------------------------    -------------------

                         (clock sys_clk_pin rise edge)
                                                     10.000    10.000 r  <hidden>
    H16                                               0.000    10.000 r  clk
                         net (fo=0)                   0.000    10.000    clk
    H16                  IBUF (Prop_ibuf_I_O)         1.387    11.387 r  clk_IBUF_inst/O
                         net (fo=1, routed)           1.880    13.267    clk_IBUF
    BUFGCTRL_X0Y16       BUFG (Prop_bufg_I_O)         0.091    13.358 r  clk_IBUF_BUFG_inst/O
                         net (fo=28, routed)          1.577    14.935    clk_IBUF_BUFG
    SLICE_X43Y40         FDRE                                         r  counter_reg[23]/C
                         clock pessimism              0.429    15.364    <hidden>
                         clock uncertainty           -0.035    15.329    <hidden>
    SLICE_X43Y40         FDRE (Setup_fdre_C_R)       -0.429    14.900    counter_reg[23]
  -------------------------------------------------------------------
                         required time                         14.900    <hidden>
                         arrival time                          -8.880    <hidden>
  -------------------------------------------------------------------
                         slack                                  6.020    <hidden>

Slack (MET) :             6.020ns  (required time - arrival time)
  Source:                 counter_reg[0]/C
                            (rising edge-triggered cell FDRE clocked by sys_clk_pin  {rise@0.000ns fall@5.000ns period=10.000ns})
  Destination:            counter_reg[24]/R
                            (rising edge-triggered cell FDRE clocked by sys_clk_pin  {rise@0.000ns fall@5.000ns period=10.000ns})
  Path Group:             sys_clk_pin
  Path Type:              Setup (Max at Slow Process Corner)
  Requirement:            10.000ns  (sys_clk_pin rise@10.000ns - sys_clk_pin rise@0.000ns)
  Data Path Delay:        3.494ns  (logic 0.766ns (21.926%)  route 2.728ns (78.074%))
  Logic Levels:           2  (LUT3=1 LUT5=1)
  Clock Path Skew:        -0.022ns (DCD - SCD + CPR)
    Destination Clock Delay (DCD):    4.935ns = ( 14.935 - 10.000 ) 
    Source Clock Delay      (SCD):    5.386ns
    Clock Pessimism Removal (CPR):    0.429ns
  Clock Uncertainty:      0.035ns  ((TSJ^2 + TIJ^2)^1/2 + DJ) / 2 + PE
    Total System Jitter     (TSJ):    0.071ns
    Total Input Jitter      (TIJ):    0.000ns
    Discrete Jitter          (DJ):    0.000ns
    Phase Error              (PE):    0.000ns

    Location             Delay type                Incr(ns)  Path(ns)    Netlist Resource(s)
  -------------------------------------------------------------------    -------------------
                         (clock sys_clk_pin rise edge)
                                                      0.000     0.000 r  <hidden>
    H16                                               0.000     0.000 r  clk
                         net (fo=0)                   0.000     0.000    clk
    H16                  IBUF (Prop_ibuf_I_O)         1.457     1.457 r  clk_IBUF_inst/O
                         net (fo=1, routed)           2.076     3.533    clk_IBUF
    BUFGCTRL_X0Y16       BUFG (Prop_bufg_I_O)         0.101     3.634 r  clk_IBUF_BUFG_inst/O
                         net (fo=28, routed)          1.752     5.386    clk_IBUF_BUFG
    SLICE_X42Y35         FDRE                                         r  counter_reg[0]/C
  -------------------------------------------------------------------    -------------------
    SLICE_X42Y35         FDRE (Prop_fdre_C_Q)         0.518     5.904 f  counter_reg[0]/Q
                         net (fo=3, routed)           1.259     7.163    counter[0]
    SLICE_X42Y35         LUT3 (Prop_lut3_I2_O)        0.124     7.287 r  counter[26]_i_3/O
                         net (fo=2, routed)           0.811     8.098    counter[26]_i_3_n_0
    SLICE_X42Y37         LUT5 (Prop_lut5_I0_O)        0.124     8.222 r  counter[26]_i_1/O
                         net (fo=27, routed)          0.658     8.880    counter[26]_i_1_n_0
    SLICE_X43Y40         FDRE                                         r  counter_reg[24]/R
  -------------------------------------------------------------------    -------------------

                         (clock sys_clk_pin rise edge)
                                                     10.000    10.000 r  <hidden>
    H16                                               0.000    10.000 r  clk
                         net (fo=0)                   0.000    10.000    clk
    H16                  IBUF (Prop_ibuf_I_O)         1.387    11.387 r  clk_IBUF_inst/O
                         net (fo=1, routed)           1.880    13.267    clk_IBUF
    BUFGCTRL_X0Y16       BUFG (Prop_bufg_I_O)         0.091    13.358 r  clk_IBUF_BUFG_inst/O
                         net (fo=28, routed)          1.577    14.935    clk_IBUF_BUFG
    SLICE_X43Y40         FDRE                                         r  counter_reg[24]/C
                         clock pessimism              0.429    15.364    <hidden>
                         clock uncertainty           -0.035    15.329    <hidden>
    SLICE_X43Y40         FDRE (Setup_fdre_C_R)       -0.429    14.900    counter_reg[24]
  -------------------------------------------------------------------
                         required time                         14.900    <hidden>
                         arrival time                          -8.880    <hidden>
  -------------------------------------------------------------------
                         slack                                  6.020    <hidden>

Slack (MET) :             6.026ns  (required time - arrival time)
  Source:                 counter_reg[0]/C
                            (rising edge-triggered cell FDRE clocked by sys_clk_pin  {rise@0.000ns fall@5.000ns period=10.000ns})
  Destination:            counter_reg[10]/R
                            (rising edge-triggered cell FDRE clocked by sys_clk_pin  {rise@0.000ns fall@5.000ns period=10.000ns})
  Path Group:             sys_clk_pin
  Path Type:              Setup (Max at Slow Process Corner)
  Requirement:            10.000ns  (sys_clk_pin rise@10.000ns - sys_clk_pin rise@0.000ns)
  Data Path Delay:        3.486ns  (logic 0.766ns (21.977%)  route 2.720ns (78.023%))
  Logic Levels:           2  (LUT3=1 LUT5=1)
  Clock Path Skew:        -0.024ns (DCD - SCD + CPR)
    Destination Clock Delay (DCD):    4.933ns = ( 14.933 - 10.000 ) 
    Source Clock Delay      (SCD):    5.386ns
    Clock Pessimism Removal (CPR):    0.429ns
  Clock Uncertainty:      0.035ns  ((TSJ^2 + TIJ^2)^1/2 + DJ) / 2 + PE
    Total System Jitter     (TSJ):    0.071ns
    Total Input Jitter      (TIJ):    0.000ns
    Discrete Jitter          (DJ):    0.000ns
    Phase Error              (PE):    0.000ns

    Location             Delay type                Incr(ns)  Path(ns)    Netlist Resource(s)
  -------------------------------------------------------------------    -------------------
                         (clock sys_clk_pin rise edge)
                                                      0.000     0.000 r  <hidden>
    H16                                               0.000     0.000 r  clk
                         net (fo=0)                   0.000     0.000    clk
    H16                  IBUF (Prop_ibuf_I_O)         1.457     1.457 r  clk_IBUF_inst/O
                         net (fo=1, routed)           2.076     3.533    clk_IBUF
    BUFGCTRL_X0Y16       BUFG (Prop_bufg_I_O)         0.101     3.634 r  clk_IBUF_BUFG_inst/O
                         net (fo=28, routed)          1.752     5.386    clk_IBUF_BUFG
    SLICE_X42Y35         FDRE                                         r  counter_reg[0]/C
  -------------------------------------------------------------------    -------------------
    SLICE_X42Y35         FDRE (Prop_fdre_C_Q)         0.518     5.904 f  counter_reg[0]/Q
                         net (fo=3, routed)           1.259     7.163    counter[0]
    SLICE_X42Y35         LUT3 (Prop_lut3_I2_O)        0.124     7.287 r  counter[26]_i_3/O
                         net (fo=2, routed)           0.811     8.098    counter[26]_i_3_n_0
    SLICE_X42Y37         LUT5 (Prop_lut5_I0_O)        0.124     8.222 r  counter[26]_i_1/O
                         net (fo=27, routed)          0.650     8.872    counter[26]_i_1_n_0
    SLICE_X43Y37         FDRE                                         r  counter_reg[10]/R
  -------------------------------------------------------------------    -------------------

                         (clock sys_clk_pin rise edge)
                                                     10.000    10.000 r  <hidden>
    H16                                               0.000    10.000 r  clk
                         net (fo=0)                   0.000    10.000    clk
    H16                  IBUF (Prop_ibuf_I_O)         1.387    11.387 r  clk_IBUF_inst/O
                         net (fo=1, routed)           1.880    13.267    clk_IBUF
    BUFGCTRL_X0Y16       BUFG (Prop_bufg_I_O)         0.091    13.358 r  clk_IBUF_BUFG_inst/O
                         net (fo=28, routed)          1.575    14.933    clk_IBUF_BUFG
    SLICE_X43Y37         FDRE                                         r  counter_reg[10]/C
                         clock pessimism              0.429    15.362    <hidden>
                         clock uncertainty           -0.035    15.327    <hidden>
    SLICE_X43Y37         FDRE (Setup_fdre_C_R)       -0.429    14.898    counter_reg[10]
  -------------------------------------------------------------------
                         required time                         14.898    <hidden>
                         arrival time                          -8.872    <hidden>
  -------------------------------------------------------------------
                         slack                                  6.026    <hidden>

Slack (MET) :             6.026ns  (required time - arrival time)
  Source:                 counter_reg[0]/C
                            (rising edge-triggered cell FDRE clocked by sys_clk_pin  {rise@0.000ns fall@5.000ns period=10.000ns})
  Destination:            counter_reg[11]/R
                            (rising edge-triggered cell FDRE clocked by sys_clk_pin  {rise@0.000ns fall@5.000ns period=10.000ns})
  Path Group:             sys_clk_pin
  Path Type:              Setup (Max at Slow Process Corner)
  Requirement:            10.000ns  (sys_clk_pin rise@10.000ns - sys_clk_pin rise@0.000ns)
  Data Path Delay:        3.486ns  (logic 0.766ns (21.977%)  route 2.720ns (78.023%))
  Logic Levels:           2  (LUT3=1 LUT5=1)
  Clock Path Skew:        -0.024ns (DCD - SCD + CPR)
    Destination Clock Delay (DCD):    4.933ns = ( 14.933 - 10.000 ) 
    Source Clock Delay      (SCD):    5.386ns
    Clock Pessimism Removal (CPR):    0.429ns
  Clock Uncertainty:      0.035ns  ((TSJ^2 + TIJ^2)^1/2 + DJ) / 2 + PE
    Total System Jitter     (TSJ):    0.071ns
    Total Input Jitter      (TIJ):    0.000ns
    Discrete Jitter          (DJ):    0.000ns
    Phase Error              (PE):    0.000ns

    Location             Delay type                Incr(ns)  Path(ns)    Netlist Resource(s)
  -------------------------------------------------------------------    -------------------
                         (clock sys_clk_pin rise edge)
                                                      0.000     0.000 r  <hidden>
    H16                                               0.000     0.000 r  clk
                         net (fo=0)                   0.000     0.000    clk
    H16                  IBUF (Prop_ibuf_I_O)         1.457     1.457 r  clk_IBUF_inst/O
                         net (fo=1, routed)           2.076     3.533    clk_IBUF
    BUFGCTRL_X0Y16       BUFG (Prop_bufg_I_O)         0.101     3.634 r  clk_IBUF_BUFG_inst/O
                         net (fo=28, routed)          1.752     5.386    clk_IBUF_BUFG
    SLICE_X42Y35         FDRE                                         r  counter_reg[0]/C
  -------------------------------------------------------------------    -------------------
    SLICE_X42Y35         FDRE (Prop_fdre_C_Q)         0.518     5.904 f  counter_reg[0]/Q
                         net (fo=3, routed)           1.259     7.163    counter[0]
    SLICE_X42Y35         LUT3 (Prop_lut3_I2_O)        0.124     7.287 r  counter[26]_i_3/O
                         net (fo=2, routed)           0.811     8.098    counter[26]_i_3_n_0
    SLICE_X42Y37         LUT5 (Prop_lut5_I0_O)        0.124     8.222 r  counter[26]_i_1/O
                         net (fo=27, routed)          0.650     8.872    counter[26]_i_1_n_0
    SLICE_X43Y37         FDRE                                         r  counter_reg[11]/R
  -------------------------------------------------------------------    -------------------

                         (clock sys_clk_pin rise edge)
                                                     10.000    10.000 r  <hidden>
    H16                                               0.000    10.000 r  clk
                         net (fo=0)                   0.000    10.000    clk
    H16                  IBUF (Prop_ibuf_I_O)         1.387    11.387 r  clk_IBUF_inst/O
                         net (fo=1, routed)           1.880    13.267    clk_IBUF
    BUFGCTRL_X0Y16       BUFG (Prop_bufg_I_O)         0.091    13.358 r  clk_IBUF_BUFG_inst/O
                         net (fo=28, routed)          1.575    14.933    clk_IBUF_BUFG
    SLICE_X43Y37         FDRE                                         r  counter_reg[11]/C
                         clock pessimism              0.429    15.362    <hidden>
                         clock uncertainty           -0.035    15.327    <hidden>
    SLICE_X43Y37         FDRE (Setup_fdre_C_R)       -0.429    14.898    counter_reg[11]
  -------------------------------------------------------------------
                         required time                         14.898    <hidden>
                         arrival time                          -8.872    <hidden>
  -------------------------------------------------------------------
                         slack                                  6.026    <hidden>

Slack (MET) :             6.026ns  (required time - arrival time)
  Source:                 counter_reg[0]/C
                            (rising edge-triggered cell FDRE clocked by sys_clk_pin  {rise@0.000ns fall@5.000ns period=10.000ns})
  Destination:            counter_reg[12]/R
                            (rising edge-triggered cell FDRE clocked by sys_clk_pin  {rise@0.000ns fall@5.000ns period=10.000ns})
  Path Group:             sys_clk_pin
  Path Type:              Setup (Max at Slow Process Corner)
  Requirement:            10.000ns  (sys_clk_pin rise@10.000ns - sys_clk_pin rise@0.000ns)
  Data Path Delay:        3.486ns  (logic 0.766ns (21.977%)  route 2.720ns (78.023%))
  Logic Levels:           2  (LUT3=1 LUT5=1)
  Clock Path Skew:        -0.024ns (DCD - SCD + CPR)
    Destination Clock Delay (DCD):    4.933ns = ( 14.933 - 10.000 ) 
    Source Clock Delay      (SCD):    5.386ns
    Clock Pessimism Removal (CPR):    0.429ns
  Clock Uncertainty:      0.035ns  ((TSJ^2 + TIJ^2)^1/2 + DJ) / 2 + PE
    Total System Jitter     (TSJ):    0.071ns
    Total Input Jitter      (TIJ):    0.000ns
    Discrete Jitter          (DJ):    0.000ns
    Phase Error              (PE):    0.000ns

    Location             Delay type                Incr(ns)  Path(ns)    Netlist Resource(s)
  -------------------------------------------------------------------    -------------------
                         (clock sys_clk_pin rise edge)
                                                      0.000     0.000 r  <hidden>
    H16                                               0.000     0.000 r  clk
                         net (fo=0)                   0.000     0.000    clk
    H16                  IBUF (Prop_ibuf_I_O)         1.457     1.457 r  clk_IBUF_inst/O
                         net (fo=1, routed)           2.076     3.533    clk_IBUF
    BUFGCTRL_X0Y16       BUFG (Prop_bufg_I_O)         0.101     3.634 r  clk_IBUF_BUFG_inst/O
                         net (fo=28, routed)          1.752     5.386    clk_IBUF_BUFG
    SLICE_X42Y35         FDRE                                         r  counter_reg[0]/C
  -------------------------------------------------------------------    -------------------
    SLICE_X42Y35         FDRE (Prop_fdre_C_Q)         0.518     5.904 f  counter_reg[0]/Q
                         net (fo=3, routed)           1.259     7.163    counter[0]
    SLICE_X42Y35         LUT3 (Prop_lut3_I2_O)        0.124     7.287 r  counter[26]_i_3/O
                         net (fo=2, routed)           0.811     8.098    counter[26]_i_3_n_0
    SLICE_X42Y37         LUT5 (Prop_lut5_I0_O)        0.124     8.222 r  counter[26]_i_1/O
                         net (fo=27, routed)          0.650     8.872    counter[26]_i_1_n_0
    SLICE_X43Y37         FDRE                                         r  counter_reg[12]/R
  -------------------------------------------------------------------    -------------------

                         (clock sys_clk_pin rise edge)
                                                     10.000    10.000 r  <hidden>
    H16                                               0.000    10.000 r  clk
                         net (fo=0)                   0.000    10.000    clk
    H16                  IBUF (Prop_ibuf_I_O)         1.387    11.387 r  clk_IBUF_inst/O
                         net (fo=1, routed)           1.880    13.267    clk_IBUF
    BUFGCTRL_X0Y16       BUFG (Prop_bufg_I_O)         0.091    13.358 r  clk_IBUF_BUFG_inst/O
                         net (fo=28, routed)          1.575    14.933    clk_IBUF_BUFG
    SLICE_X43Y37         FDRE                                         r  counter_reg[12]/C
                         clock pessimism              0.429    15.362    <hidden>
                         clock uncertainty           -0.035    15.327    <hidden>
    SLICE_X43Y37         FDRE (Setup_fdre_C_R)       -0.429    14.898    counter_reg[12]
  -------------------------------------------------------------------
                         required time                         14.898    <hidden>
                         arrival time                          -8.872    <hidden>
  -------------------------------------------------------------------
                         slack                                  6.026    <hidden>

Slack (MET) :             6.026ns  (required time - arrival time)
  Source:                 counter_reg[0]/C
                            (rising edge-triggered cell FDRE clocked by sys_clk_pin  {rise@0.000ns fall@5.000ns period=10.000ns})
  Destination:            counter_reg[9]/R
                            (rising edge-triggered cell FDRE clocked by sys_clk_pin  {rise@0.000ns fall@5.000ns period=10.000ns})
  Path Group:             sys_clk_pin
  Path Type:              Setup (Max at Slow Process Corner)
  Requirement:            10.000ns  (sys_clk_pin rise@10.000ns - sys_clk_pin rise@0.000ns)
  Data Path Delay:        3.486ns  (logic 0.766ns (21.977%)  route 2.720ns (78.023%))
  Logic Levels:           2  (LUT3=1 LUT5=1)
  Clock Path Skew:        -0.024ns (DCD - SCD + CPR)
    Destination Clock Delay (DCD):    4.933ns = ( 14.933 - 10.000 ) 
    Source Clock Delay      (SCD):    5.386ns
    Clock Pessimism Removal (CPR):    0.429ns
  Clock Uncertainty:      0.035ns  ((TSJ^2 + TIJ^2)^1/2 + DJ) / 2 + PE
    Total System Jitter     (TSJ):    0.071ns
    Total Input Jitter      (TIJ):    0.000ns
    Discrete Jitter          (DJ):    0.000ns
    Phase Error              (PE):    0.000ns

    Location             Delay type                Incr(ns)  Path(ns)    Netlist Resource(s)
  -------------------------------------------------------------------    -------------------
                         (clock sys_clk_pin rise edge)
                                                      0.000     0.000 r  <hidden>
    H16                                               0.000     0.000 r  clk
                         net (fo=0)                   0.000     0.000    clk
    H16                  IBUF (Prop_ibuf_I_O)         1.457     1.457 r  clk_IBUF_inst/O
                         net (fo=1, routed)           2.076     3.533    clk_IBUF
    BUFGCTRL_X0Y16       BUFG (Prop_bufg_I_O)         0.101     3.634 r  clk_IBUF_BUFG_inst/O
                         net (fo=28, routed)          1.752     5.386    clk_IBUF_BUFG
    SLICE_X42Y35         FDRE                                         r  counter_reg[0]/C
  -------------------------------------------------------------------    -------------------
    SLICE_X42Y35         FDRE (Prop_fdre_C_Q)         0.518     5.904 f  counter_reg[0]/Q
                         net (fo=3, routed)           1.259     7.163    counter[0]
    SLICE_X42Y35         LUT3 (Prop_lut3_I2_O)        0.124     7.287 r  counter[26]_i_3/O
                         net (fo=2, routed)           0.811     8.098    counter[26]_i_3_n_0
    SLICE_X42Y37         LUT5 (Prop_lut5_I0_O)        0.124     8.222 r  counter[26]_i_1/O
                         net (fo=27, routed)          0.650     8.872    counter[26]_i_1_n_0
    SLICE_X43Y37         FDRE                                         r  counter_reg[9]/R
  -------------------------------------------------------------------    -------------------

                         (clock sys_clk_pin rise edge)
                                                     10.000    10.000 r  <hidden>
    H16                                               0.000    10.000 r  clk
                         net (fo=0)                   0.000    10.000    clk
    H16                  IBUF (Prop_ibuf_I_O)         1.387    11.387 r  clk_IBUF_inst/O
                         net (fo=1, routed)           1.880    13.267    clk_IBUF
    BUFGCTRL_X0Y16       BUFG (Prop_bufg_I_O)         0.091    13.358 r  clk_IBUF_BUFG_inst/O
                         net (fo=28, routed)          1.575    14.933    clk_IBUF_BUFG
    SLICE_X43Y37         FDRE                                         r  counter_reg[9]/C
                         clock pessimism              0.429    15.362    <hidden>
                         clock uncertainty           -0.035    15.327    <hidden>
    SLICE_X43Y37         FDRE (Setup_fdre_C_R)       -0.429    14.898    counter_reg[9]
  -------------------------------------------------------------------
                         required time                         14.898    <hidden>
                         arrival time                          -8.872    <hidden>
  -------------------------------------------------------------------
                         slack                                  6.026    <hidden>





Min Delay Paths
--------------------------------------------------------------------------------------
Slack (MET) :             0.261ns  (arrival time - required time)
  Source:                 counter_reg[24]/C
                            (rising edge-triggered cell FDRE clocked by sys_clk_pin  {rise@0.000ns fall@5.000ns period=10.000ns})
  Destination:            counter_reg[24]/D
                            (rising edge-triggered cell FDRE clocked by sys_clk_pin  {rise@0.000ns fall@5.000ns period=10.000ns})
  Path Group:             sys_clk_pin
  Path Type:              Hold (Min at Fast Process Corner)
  Requirement:            0.000ns  (sys_clk_pin rise@0.000ns - sys_clk_pin rise@0.000ns)
  Data Path Delay:        0.366ns  (logic 0.249ns (67.994%)  route 0.117ns (32.006%))
  Logic Levels:           1  (CARRY4=1)
  Clock Path Skew:        0.000ns (DCD - SCD - CPR)
    Destination Clock Delay (DCD):    1.987ns
    Source Clock Delay      (SCD):    1.471ns
    Clock Pessimism Removal (CPR):    0.516ns

    Location             Delay type                Incr(ns)  Path(ns)    Netlist Resource(s)
  -------------------------------------------------------------------    -------------------
                         (clock sys_clk_pin rise edge)
                                                      0.000     0.000 r  <hidden>
    H16                                               0.000     0.000 r  clk
                         net (fo=0)                   0.000     0.000    clk
    H16                  IBUF (Prop_ibuf_I_O)         0.225     0.225 r  clk_IBUF_inst/O
                         net (fo=1, routed)           0.627     0.852    clk_IBUF
    BUFGCTRL_X0Y16       BUFG (Prop_bufg_I_O)         0.026     0.878 r  clk_IBUF_BUFG_inst/O
                         net (fo=28, routed)          0.593     1.471    clk_IBUF_BUFG
    SLICE_X43Y40         FDRE                                         r  counter_reg[24]/C
  -------------------------------------------------------------------    -------------------
    SLICE_X43Y40         FDRE (Prop_fdre_C_Q)         0.141     1.612 r  counter_reg[24]/Q
                         net (fo=2, routed)           0.117     1.729    counter[24]
    SLICE_X43Y40         CARRY4 (Prop_carry4_S[3]_O[3])
                                                      0.108     1.837 r  counter_reg[24]_i_1/O[3]
                         net (fo=1, routed)           0.000     1.837    p_1_in[24]
    SLICE_X43Y40         FDRE                                         r  counter_reg[24]/D
  -------------------------------------------------------------------    -------------------

                         (clock sys_clk_pin rise edge)
                                                      0.000     0.000 r  <hidden>
    H16                                               0.000     0.000 r  clk
                         net (fo=0)                   0.000     0.000    clk
    H16                  IBUF (Prop_ibuf_I_O)         0.413     0.413 r  clk_IBUF_inst/O
                         net (fo=1, routed)           0.683     1.096    clk_IBUF
    BUFGCTRL_X0Y16       BUFG (Prop_bufg_I_O)         0.029     1.125 r  clk_IBUF_BUFG_inst/O
                         net (fo=28, routed)          0.862     1.987    clk_IBUF_BUFG
    SLICE_X43Y40         FDRE                                         r  counter_reg[24]/C
                         clock pessimism             -0.516     1.471    <hidden>
    SLICE_X43Y40         FDRE (Hold_fdre_C_D)         0.105     1.576    counter_reg[24]
  -------------------------------------------------------------------
                         required time                         -1.576    <hidden>
                         arrival time                           1.837    <hidden>
  -------------------------------------------------------------------
                         slack                                  0.261    <hidden>

Slack (MET) :             0.261ns  (arrival time - required time)
  Source:                 counter_reg[12]/C
                            (rising edge-triggered cell FDRE clocked by sys_clk_pin  {rise@0.000ns fall@5.000ns period=10.000ns})
  Destination:            counter_reg[12]/D
                            (rising edge-triggered cell FDRE clocked by sys_clk_pin  {rise@0.000ns fall@5.000ns period=10.000ns})
  Path Group:             sys_clk_pin
  Path Type:              Hold (Min at Fast Process Corner)
  Requirement:            0.000ns  (sys_clk_pin rise@0.000ns - sys_clk_pin rise@0.000ns)
  Data Path Delay:        0.366ns  (logic 0.249ns (67.994%)  route 0.117ns (32.006%))
  Logic Levels:           1  (CARRY4=1)
  Clock Path Skew:        0.000ns (DCD - SCD - CPR)
    Destination Clock Delay (DCD):    1.984ns
    Source Clock Delay      (SCD):    1.469ns
    Clock Pessimism Removal (CPR):    0.515ns

    Location             Delay type                Incr(ns)  Path(ns)    Netlist Resource(s)
  -------------------------------------------------------------------    -------------------
                         (clock sys_clk_pin rise edge)
                                                      0.000     0.000 r  <hidden>
    H16                                               0.000     0.000 r  clk
                         net (fo=0)                   0.000     0.000    clk
    H16                  IBUF (Prop_ibuf_I_O)         0.225     0.225 r  clk_IBUF_inst/O
                         net (fo=1, routed)           0.627     0.852    clk_IBUF
    BUFGCTRL_X0Y16       BUFG (Prop_bufg_I_O)         0.026     0.878 r  clk_IBUF_BUFG_inst/O
                         net (fo=28, routed)          0.591     1.469    clk_IBUF_BUFG
    SLICE_X43Y37         FDRE                                         r  counter_reg[12]/C
  -------------------------------------------------------------------    -------------------
    SLICE_X43Y37         FDRE (Prop_fdre_C_Q)         0.141     1.610 r  counter_reg[12]/Q
                         net (fo=2, routed)           0.117     1.727    counter[12]
    SLICE_X43Y37         CARRY4 (Prop_carry4_S[3]_O[3])
                                                      0.108     1.835 r  counter_reg[12]_i_1/O[3]
                         net (fo=1, routed)           0.000     1.835    p_1_in[12]
    SLICE_X43Y37         FDRE                                         r  counter_reg[12]/D
  -------------------------------------------------------------------    -------------------

                         (clock sys_clk_pin rise edge)
                                                      0.000     0.000 r  <hidden>
    H16                                               0.000     0.000 r  clk
                         net (fo=0)                   0.000     0.000    clk
    H16                  IBUF (Prop_ibuf_I_O)         0.413     0.413 r  clk_IBUF_inst/O
                         net (fo=1, routed)           0.683     1.096    clk_IBUF
    BUFGCTRL_X0Y16       BUFG (Prop_bufg_I_O)         0.029     1.125 r  clk_IBUF_BUFG_inst/O
                         net (fo=28, routed)          0.859     1.984    clk_IBUF_BUFG
    SLICE_X43Y37         FDRE                                         r  counter_reg[12]/C
                         clock pessimism             -0.515     1.469    <hidden>
    SLICE_X43Y37         FDRE (Hold_fdre_C_D)         0.105     1.574    counter_reg[12]
  -------------------------------------------------------------------
                         required time                         -1.574    <hidden>
                         arrival time                           1.835    <hidden>
  -------------------------------------------------------------------
                         slack                                  0.261    <hidden>

Slack (MET) :             0.261ns  (arrival time - required time)
  Source:                 counter_reg[20]/C
                            (rising edge-triggered cell FDRE clocked by sys_clk_pin  {rise@0.000ns fall@5.000ns period=10.000ns})
  Destination:            counter_reg[20]/D
                            (rising edge-triggered cell FDRE clocked by sys_clk_pin  {rise@0.000ns fall@5.000ns period=10.000ns})
  Path Group:             sys_clk_pin
  Path Type:              Hold (Min at Fast Process Corner)
  Requirement:            0.000ns  (sys_clk_pin rise@0.000ns - sys_clk_pin rise@0.000ns)
  Data Path Delay:        0.366ns  (logic 0.249ns (67.994%)  route 0.117ns (32.006%))
  Logic Levels:           1  (CARRY4=1)
  Clock Path Skew:        0.000ns (DCD - SCD - CPR)
    Destination Clock Delay (DCD):    1.986ns
    Source Clock Delay      (SCD):    1.470ns
    Clock Pessimism Removal (CPR):    0.516ns

    Location             Delay type                Incr(ns)  Path(ns)    Netlist Resource(s)
  -------------------------------------------------------------------    -------------------
                         (clock sys_clk_pin rise edge)
                                                      0.000     0.000 r  <hidden>
    H16                                               0.000     0.000 r  clk
                         net (fo=0)                   0.000     0.000    clk
    H16                  IBUF (Prop_ibuf_I_O)         0.225     0.225 r  clk_IBUF_inst/O
                         net (fo=1, routed)           0.627     0.852    clk_IBUF
    BUFGCTRL_X0Y16       BUFG (Prop_bufg_I_O)         0.026     0.878 r  clk_IBUF_BUFG_inst/O
                         net (fo=28, routed)          0.592     1.470    clk_IBUF_BUFG
    SLICE_X43Y39         FDRE                                         r  counter_reg[20]/C
  -------------------------------------------------------------------    -------------------
    SLICE_X43Y39         FDRE (Prop_fdre_C_Q)         0.141     1.611 r  counter_reg[20]/Q
                         net (fo=2, routed)           0.117     1.728    counter[20]
    SLICE_X43Y39         CARRY4 (Prop_carry4_S[3]_O[3])
                                                      0.108     1.836 r  counter_reg[20]_i_1/O[3]
                         net (fo=1, routed)           0.000     1.836    p_1_in[20]
    SLICE_X43Y39         FDRE                                         r  counter_reg[20]/D
  -------------------------------------------------------------------    -------------------

                         (clock sys_clk_pin rise edge)
                                                      0.000     0.000 r  <hidden>
    H16                                               0.000     0.000 r  clk
                         net (fo=0)                   0.000     0.000    clk
    H16                  IBUF (Prop_ibuf_I_O)         0.413     0.413 r  clk_IBUF_inst/O
                         net (fo=1, routed)           0.683     1.096    clk_IBUF
    BUFGCTRL_X0Y16       BUFG (Prop_bufg_I_O)         0.029     1.125 r  clk_IBUF_BUFG_inst/O
                         net (fo=28, routed)          0.861     1.986    clk_IBUF_BUFG
    SLICE_X43Y39         FDRE                                         r  counter_reg[20]/C
                         clock pessimism             -0.516     1.470    <hidden>
    SLICE_X43Y39         FDRE (Hold_fdre_C_D)         0.105     1.575    counter_reg[20]
  -------------------------------------------------------------------
                         required time                         -1.575    <hidden>
                         arrival time                           1.836    <hidden>
  -------------------------------------------------------------------
                         slack                                  0.261    <hidden>

Slack (MET) :             0.261ns  (arrival time - required time)
  Source:                 counter_reg[8]/C
                            (rising edge-triggered cell FDRE clocked by sys_clk_pin  {rise@0.000ns fall@5.000ns period=10.000ns})
  Destination:            counter_reg[8]/D
                            (rising edge-triggered cell FDRE clocked by sys_clk_pin  {rise@0.000ns fall@5.000ns period=10.000ns})
  Path Group:             sys_clk_pin
  Path Type:              Hold (Min at Fast Process Corner)
  Requirement:            0.000ns  (sys_clk_pin rise@0.000ns - sys_clk_pin rise@0.000ns)
  Data Path Delay:        0.366ns  (logic 0.249ns (67.994%)  route 0.117ns (32.006%))
  Logic Levels:           1  (CARRY4=1)
  Clock Path Skew:        0.000ns (DCD - SCD - CPR)
    Destination Clock Delay (DCD):    1.983ns
    Source Clock Delay      (SCD):    1.468ns
    Clock Pessimism Removal (CPR):    0.515ns

    Location             Delay type                Incr(ns)  Path(ns)    Netlist Resource(s)
  -------------------------------------------------------------------    -------------------
                         (clock sys_clk_pin rise edge)
                                                      0.000     0.000 r  <hidden>
    H16                                               0.000     0.000 r  clk
                         net (fo=0)                   0.000     0.000    clk
    H16                  IBUF (Prop_ibuf_I_O)         0.225     0.225 r  clk_IBUF_inst/O
                         net (fo=1, routed)           0.627     0.852    clk_IBUF
    BUFGCTRL_X0Y16       BUFG (Prop_bufg_I_O)         0.026     0.878 r  clk_IBUF_BUFG_inst/O
                         net (fo=28, routed)          0.590     1.468    clk_IBUF_BUFG
    SLICE_X43Y36         FDRE                                         r  counter_reg[8]/C
  -------------------------------------------------------------------    -------------------
    SLICE_X43Y36         FDRE (Prop_fdre_C_Q)         0.141     1.609 r  counter_reg[8]/Q
                         net (fo=2, routed)           0.117     1.726    counter[8]
    SLICE_X43Y36         CARRY4 (Prop_carry4_S[3]_O[3])
                                                      0.108     1.834 r  counter_reg[8]_i_1/O[3]
                         net (fo=1, routed)           0.000     1.834    p_1_in[8]
    SLICE_X43Y36         FDRE                                         r  counter_reg[8]/D
  -------------------------------------------------------------------    -------------------

                         (clock sys_clk_pin rise edge)
                                                      0.000     0.000 r  <hidden>
    H16                                               0.000     0.000 r  clk
                         net (fo=0)                   0.000     0.000    clk
    H16                  IBUF (Prop_ibuf_I_O)         0.413     0.413 r  clk_IBUF_inst/O
                         net (fo=1, routed)           0.683     1.096    clk_IBUF
    BUFGCTRL_X0Y16       BUFG (Prop_bufg_I_O)         0.029     1.125 r  clk_IBUF_BUFG_inst/O
                         net (fo=28, routed)          0.858     1.983    clk_IBUF_BUFG
    SLICE_X43Y36         FDRE                                         r  counter_reg[8]/C
                         clock pessimism             -0.515     1.468    <hidden>
    SLICE_X43Y36         FDRE (Hold_fdre_C_D)         0.105     1.573    counter_reg[8]
  -------------------------------------------------------------------
                         required time                         -1.573    <hidden>
                         arrival time                           1.834    <hidden>
  -------------------------------------------------------------------
                         slack                                  0.261    <hidden>

Slack (MET) :             0.264ns  (arrival time - required time)
  Source:                 led_reg/C
                            (rising edge-triggered cell FDRE clocked by sys_clk_pin  {rise@0.000ns fall@5.000ns period=10.000ns})
  Destination:            led_reg/D
                            (rising edge-triggered cell FDRE clocked by sys_clk_pin  {rise@0.000ns fall@5.000ns period=10.000ns})
  Path Group:             sys_clk_pin
  Path Type:              Hold (Min at Fast Process Corner)
  Requirement:            0.000ns  (sys_clk_pin rise@0.000ns - sys_clk_pin rise@0.000ns)
  Data Path Delay:        0.384ns  (logic 0.209ns (54.384%)  route 0.175ns (45.616%))
  Logic Levels:           1  (LUT6=1)
  Clock Path Skew:        0.000ns (DCD - SCD - CPR)
    Destination Clock Delay (DCD):    1.984ns
    Source Clock Delay      (SCD):    1.469ns
    Clock Pessimism Removal (CPR):    0.515ns

    Location             Delay type                Incr(ns)  Path(ns)    Netlist Resource(s)
  -------------------------------------------------------------------    -------------------
                         (clock sys_clk_pin rise edge)
                                                      0.000     0.000 r  <hidden>
    H16                                               0.000     0.000 r  clk
                         net (fo=0)                   0.000     0.000    clk
    H16                  IBUF (Prop_ibuf_I_O)         0.225     0.225 r  clk_IBUF_inst/O
                         net (fo=1, routed)           0.627     0.852    clk_IBUF
    BUFGCTRL_X0Y16       BUFG (Prop_bufg_I_O)         0.026     0.878 r  clk_IBUF_BUFG_inst/O
                         net (fo=28, routed)          0.591     1.469    clk_IBUF_BUFG
    SLICE_X42Y37         FDRE                                         r  led_reg/C
  -------------------------------------------------------------------    -------------------
    SLICE_X42Y37         FDRE (Prop_fdre_C_Q)         0.164     1.633 r  led_reg/Q
                         net (fo=2, routed)           0.175     1.808    led_OBUF
    SLICE_X42Y37         LUT6 (Prop_lut6_I5_O)        0.045     1.853 r  led_i_1/O
                         net (fo=1, routed)           0.000     1.853    led_i_1_n_0
    SLICE_X42Y37         FDRE                                         r  led_reg/D
  -------------------------------------------------------------------    -------------------

                         (clock sys_clk_pin rise edge)
                                                      0.000     0.000 r  <hidden>
    H16                                               0.000     0.000 r  clk
                         net (fo=0)                   0.000     0.000    clk
    H16                  IBUF (Prop_ibuf_I_O)         0.413     0.413 r  clk_IBUF_inst/O
                         net (fo=1, routed)           0.683     1.096    clk_IBUF
    BUFGCTRL_X0Y16       BUFG (Prop_bufg_I_O)         0.029     1.125 r  clk_IBUF_BUFG_inst/O
                         net (fo=28, routed)          0.859     1.984    clk_IBUF_BUFG
    SLICE_X42Y37         FDRE                                         r  led_reg/C
                         clock pessimism             -0.515     1.469    <hidden>
    SLICE_X42Y37         FDRE (Hold_fdre_C_D)         0.120     1.589    led_reg
  -------------------------------------------------------------------
                         required time                         -1.589    <hidden>
                         arrival time                           1.853    <hidden>
  -------------------------------------------------------------------
                         slack                                  0.264    <hidden>

Slack (MET) :             0.264ns  (arrival time - required time)
  Source:                 counter_reg[16]/C
                            (rising edge-triggered cell FDRE clocked by sys_clk_pin  {rise@0.000ns fall@5.000ns period=10.000ns})
  Destination:            counter_reg[16]/D
                            (rising edge-triggered cell FDRE clocked by sys_clk_pin  {rise@0.000ns fall@5.000ns period=10.000ns})
  Path Group:             sys_clk_pin
  Path Type:              Hold (Min at Fast Process Corner)
  Requirement:            0.000ns  (sys_clk_pin rise@0.000ns - sys_clk_pin rise@0.000ns)
  Data Path Delay:        0.369ns  (logic 0.249ns (67.424%)  route 0.120ns (32.576%))
  Logic Levels:           1  (CARRY4=1)
  Clock Path Skew:        0.000ns (DCD - SCD - CPR)
    Destination Clock Delay (DCD):    1.986ns
    Source Clock Delay      (SCD):    1.470ns
    Clock Pessimism Removal (CPR):    0.516ns

    Location             Delay type                Incr(ns)  Path(ns)    Netlist Resource(s)
  -------------------------------------------------------------------    -------------------
                         (clock sys_clk_pin rise edge)
                                                      0.000     0.000 r  <hidden>
    H16                                               0.000     0.000 r  clk
                         net (fo=0)                   0.000     0.000    clk
    H16                  IBUF (Prop_ibuf_I_O)         0.225     0.225 r  clk_IBUF_inst/O
                         net (fo=1, routed)           0.627     0.852    clk_IBUF
    BUFGCTRL_X0Y16       BUFG (Prop_bufg_I_O)         0.026     0.878 r  clk_IBUF_BUFG_inst/O
                         net (fo=28, routed)          0.592     1.470    clk_IBUF_BUFG
    SLICE_X43Y38         FDRE                                         r  counter_reg[16]/C
  -------------------------------------------------------------------    -------------------
    SLICE_X43Y38         FDRE (Prop_fdre_C_Q)         0.141     1.611 r  counter_reg[16]/Q
                         net (fo=2, routed)           0.120     1.731    counter[16]
    SLICE_X43Y38         CARRY4 (Prop_carry4_S[3]_O[3])
                                                      0.108     1.839 r  counter_reg[16]_i_1/O[3]
                         net (fo=1, routed)           0.000     1.839    p_1_in[16]
    SLICE_X43Y38         FDRE                                         r  counter_reg[16]/D
  -------------------------------------------------------------------    -------------------

                         (clock sys_clk_pin rise edge)
                                                      0.000     0.000 r  <hidden>
    H16                                               0.000     0.000 r  clk
                         net (fo=0)                   0.000     0.000    clk
    H16                  IBUF (Prop_ibuf_I_O)         0.413     0.413 r  clk_IBUF_inst/O
                         net (fo=1, routed)           0.683     1.096    clk_IBUF
    BUFGCTRL_X0Y16       BUFG (Prop_bufg_I_O)         0.029     1.125 r  clk_IBUF_BUFG_inst/O
                         net (fo=28, routed)          0.861     1.986    clk_IBUF_BUFG
    SLICE_X43Y38         FDRE                                         r  counter_reg[16]/C
                         clock pessimism             -0.516     1.470    <hidden>
    SLICE_X43Y38         FDRE (Hold_fdre_C_D)         0.105     1.575    counter_reg[16]
  -------------------------------------------------------------------
                         required time                         -1.575    <hidden>
                         arrival time                           1.839    <hidden>
  -------------------------------------------------------------------
                         slack                                  0.264    <hidden>

Slack (MET) :             0.264ns  (arrival time - required time)
  Source:                 counter_reg[4]/C
                            (rising edge-triggered cell FDRE clocked by sys_clk_pin  {rise@0.000ns fall@5.000ns period=10.000ns})
  Destination:            counter_reg[4]/D
                            (rising edge-triggered cell FDRE clocked by sys_clk_pin  {rise@0.000ns fall@5.000ns period=10.000ns})
  Path Group:             sys_clk_pin
  Path Type:              Hold (Min at Fast Process Corner)
  Requirement:            0.000ns  (sys_clk_pin rise@0.000ns - sys_clk_pin rise@0.000ns)
  Data Path Delay:        0.369ns  (logic 0.249ns (67.424%)  route 0.120ns (32.576%))
  Logic Levels:           1  (CARRY4=1)
  Clock Path Skew:        0.000ns (DCD - SCD - CPR)
    Destination Clock Delay (DCD):    1.983ns
    Source Clock Delay      (SCD):    1.468ns
    Clock Pessimism Removal (CPR):    0.515ns

    Location             Delay type                Incr(ns)  Path(ns)    Netlist Resource(s)
  -------------------------------------------------------------------    -------------------
                         (clock sys_clk_pin rise edge)
                                                      0.000     0.000 r  <hidden>
    H16                                               0.000     0.000 r  clk
                         net (fo=0)                   0.000     0.000    clk
    H16                  IBUF (Prop_ibuf_I_O)         0.225     0.225 r  clk_IBUF_inst/O
                         net (fo=1, routed)           0.627     0.852    clk_IBUF
    BUFGCTRL_X0Y16       BUFG (Prop_bufg_I_O)         0.026     0.878 r  clk_IBUF_BUFG_inst/O
                         net (fo=28, routed)          0.590     1.468    clk_IBUF_BUFG
    SLICE_X43Y35         FDRE                                         r  counter_reg[4]/C
  -------------------------------------------------------------------    -------------------
    SLICE_X43Y35         FDRE (Prop_fdre_C_Q)         0.141     1.609 r  counter_reg[4]/Q
                         net (fo=2, routed)           0.120     1.729    counter[4]
    SLICE_X43Y35         CARRY4 (Prop_carry4_S[3]_O[3])
                                                      0.108     1.837 r  counter_reg[4]_i_1/O[3]
                         net (fo=1, routed)           0.000     1.837    p_1_in[4]
    SLICE_X43Y35         FDRE                                         r  counter_reg[4]/D
  -------------------------------------------------------------------    -------------------

                         (clock sys_clk_pin rise edge)
                                                      0.000     0.000 r  <hidden>
    H16                                               0.000     0.000 r  clk
                         net (fo=0)                   0.000     0.000    clk
    H16                  IBUF (Prop_ibuf_I_O)         0.413     0.413 r  clk_IBUF_inst/O
                         net (fo=1, routed)           0.683     1.096    clk_IBUF
    BUFGCTRL_X0Y16       BUFG (Prop_bufg_I_O)         0.029     1.125 r  clk_IBUF_BUFG_inst/O
                         net (fo=28, routed)          0.858     1.983    clk_IBUF_BUFG
    SLICE_X43Y35         FDRE                                         r  counter_reg[4]/C
                         clock pessimism             -0.515     1.468    <hidden>
    SLICE_X43Y35         FDRE (Hold_fdre_C_D)         0.105     1.573    counter_reg[4]
  -------------------------------------------------------------------
                         required time                         -1.573    <hidden>
                         arrival time                           1.837    <hidden>
  -------------------------------------------------------------------
                         slack                                  0.264    <hidden>

Slack (MET) :             0.267ns  (arrival time - required time)
  Source:                 counter_reg[21]/C
                            (rising edge-triggered cell FDRE clocked by sys_clk_pin  {rise@0.000ns fall@5.000ns period=10.000ns})
  Destination:            counter_reg[21]/D
                            (rising edge-triggered cell FDRE clocked by sys_clk_pin  {rise@0.000ns fall@5.000ns period=10.000ns})
  Path Group:             sys_clk_pin
  Path Type:              Hold (Min at Fast Process Corner)
  Requirement:            0.000ns  (sys_clk_pin rise@0.000ns - sys_clk_pin rise@0.000ns)
  Data Path Delay:        0.372ns  (logic 0.256ns (68.766%)  route 0.116ns (31.234%))
  Logic Levels:           1  (CARRY4=1)
  Clock Path Skew:        0.000ns (DCD - SCD - CPR)
    Destination Clock Delay (DCD):    1.987ns
    Source Clock Delay      (SCD):    1.471ns
    Clock Pessimism Removal (CPR):    0.516ns

    Location             Delay type                Incr(ns)  Path(ns)    Netlist Resource(s)
  -------------------------------------------------------------------    -------------------
                         (clock sys_clk_pin rise edge)
                                                      0.000     0.000 r  <hidden>
    H16                                               0.000     0.000 r  clk
                         net (fo=0)                   0.000     0.000    clk
    H16                  IBUF (Prop_ibuf_I_O)         0.225     0.225 r  clk_IBUF_inst/O
                         net (fo=1, routed)           0.627     0.852    clk_IBUF
    BUFGCTRL_X0Y16       BUFG (Prop_bufg_I_O)         0.026     0.878 r  clk_IBUF_BUFG_inst/O
                         net (fo=28, routed)          0.593     1.471    clk_IBUF_BUFG
    SLICE_X43Y40         FDRE                                         r  counter_reg[21]/C
  -------------------------------------------------------------------    -------------------
    SLICE_X43Y40         FDRE (Prop_fdre_C_Q)         0.141     1.612 r  counter_reg[21]/Q
                         net (fo=2, routed)           0.116     1.728    counter[21]
    SLICE_X43Y40         CARRY4 (Prop_carry4_S[0]_O[0])
                                                      0.115     1.843 r  counter_reg[24]_i_1/O[0]
                         net (fo=1, routed)           0.000     1.843    p_1_in[21]
    SLICE_X43Y40         FDRE                                         r  counter_reg[21]/D
  -------------------------------------------------------------------    -------------------

                         (clock sys_clk_pin rise edge)
                                                      0.000     0.000 r  <hidden>
    H16                                               0.000     0.000 r  clk
                         net (fo=0)                   0.000     0.000    clk
    H16                  IBUF (Prop_ibuf_I_O)         0.413     0.413 r  clk_IBUF_inst/O
                         net (fo=1, routed)           0.683     1.096    clk_IBUF
    BUFGCTRL_X0Y16       BUFG (Prop_bufg_I_O)         0.029     1.125 r  clk_IBUF_BUFG_inst/O
                         net (fo=28, routed)          0.862     1.987    clk_IBUF_BUFG
    SLICE_X43Y40         FDRE                                         r  counter_reg[21]/C
                         clock pessimism             -0.516     1.471    <hidden>
    SLICE_X43Y40         FDRE (Hold_fdre_C_D)         0.105     1.576    counter_reg[21]
  -------------------------------------------------------------------
                         required time                         -1.576    <hidden>
                         arrival time                           1.843    <hidden>
  -------------------------------------------------------------------
                         slack                                  0.267    <hidden>

Slack (MET) :             0.267ns  (arrival time - required time)
  Source:                 counter_reg[17]/C
                            (rising edge-triggered cell FDRE clocked by sys_clk_pin  {rise@0.000ns fall@5.000ns period=10.000ns})
  Destination:            counter_reg[17]/D
                            (rising edge-triggered cell FDRE clocked by sys_clk_pin  {rise@0.000ns fall@5.000ns period=10.000ns})
  Path Group:             sys_clk_pin
  Path Type:              Hold (Min at Fast Process Corner)
  Requirement:            0.000ns  (sys_clk_pin rise@0.000ns - sys_clk_pin rise@0.000ns)
  Data Path Delay:        0.372ns  (logic 0.256ns (68.766%)  route 0.116ns (31.234%))
  Logic Levels:           1  (CARRY4=1)
  Clock Path Skew:        0.000ns (DCD - SCD - CPR)
    Destination Clock Delay (DCD):    1.986ns
    Source Clock Delay      (SCD):    1.470ns
    Clock Pessimism Removal (CPR):    0.516ns

    Location             Delay type                Incr(ns)  Path(ns)    Netlist Resource(s)
  -------------------------------------------------------------------    -------------------
                         (clock sys_clk_pin rise edge)
                                                      0.000     0.000 r  <hidden>
    H16                                               0.000     0.000 r  clk
                         net (fo=0)                   0.000     0.000    clk
    H16                  IBUF (Prop_ibuf_I_O)         0.225     0.225 r  clk_IBUF_inst/O
                         net (fo=1, routed)           0.627     0.852    clk_IBUF
    BUFGCTRL_X0Y16       BUFG (Prop_bufg_I_O)         0.026     0.878 r  clk_IBUF_BUFG_inst/O
                         net (fo=28, routed)          0.592     1.470    clk_IBUF_BUFG
    SLICE_X43Y39         FDRE                                         r  counter_reg[17]/C
  -------------------------------------------------------------------    -------------------
    SLICE_X43Y39         FDRE (Prop_fdre_C_Q)         0.141     1.611 r  counter_reg[17]/Q
                         net (fo=2, routed)           0.116     1.727    counter[17]
    SLICE_X43Y39         CARRY4 (Prop_carry4_S[0]_O[0])
                                                      0.115     1.842 r  counter_reg[20]_i_1/O[0]
                         net (fo=1, routed)           0.000     1.842    p_1_in[17]
    SLICE_X43Y39         FDRE                                         r  counter_reg[17]/D
  -------------------------------------------------------------------    -------------------

                         (clock sys_clk_pin rise edge)
                                                      0.000     0.000 r  <hidden>
    H16                                               0.000     0.000 r  clk
                         net (fo=0)                   0.000     0.000    clk
    H16                  IBUF (Prop_ibuf_I_O)         0.413     0.413 r  clk_IBUF_inst/O
                         net (fo=1, routed)           0.683     1.096    clk_IBUF
    BUFGCTRL_X0Y16       BUFG (Prop_bufg_I_O)         0.029     1.125 r  clk_IBUF_BUFG_inst/O
                         net (fo=28, routed)          0.861     1.986    clk_IBUF_BUFG
    SLICE_X43Y39         FDRE                                         r  counter_reg[17]/C
                         clock pessimism             -0.516     1.470    <hidden>
    SLICE_X43Y39         FDRE (Hold_fdre_C_D)         0.105     1.575    counter_reg[17]
  -------------------------------------------------------------------
                         required time                         -1.575    <hidden>
                         arrival time                           1.842    <hidden>
  -------------------------------------------------------------------
                         slack                                  0.267    <hidden>

Slack (MET) :             0.267ns  (arrival time - required time)
  Source:                 counter_reg[5]/C
                            (rising edge-triggered cell FDRE clocked by sys_clk_pin  {rise@0.000ns fall@5.000ns period=10.000ns})
  Destination:            counter_reg[5]/D
                            (rising edge-triggered cell FDRE clocked by sys_clk_pin  {rise@0.000ns fall@5.000ns period=10.000ns})
  Path Group:             sys_clk_pin
  Path Type:              Hold (Min at Fast Process Corner)
  Requirement:            0.000ns  (sys_clk_pin rise@0.000ns - sys_clk_pin rise@0.000ns)
  Data Path Delay:        0.372ns  (logic 0.256ns (68.766%)  route 0.116ns (31.234%))
  Logic Levels:           1  (CARRY4=1)
  Clock Path Skew:        0.000ns (DCD - SCD - CPR)
    Destination Clock Delay (DCD):    1.983ns
    Source Clock Delay      (SCD):    1.468ns
    Clock Pessimism Removal (CPR):    0.515ns

    Location             Delay type                Incr(ns)  Path(ns)    Netlist Resource(s)
  -------------------------------------------------------------------    -------------------
                         (clock sys_clk_pin rise edge)
                                                      0.000     0.000 r  <hidden>
    H16                                               0.000     0.000 r  clk
                         net (fo=0)                   0.000     0.000    clk
    H16                  IBUF (Prop_ibuf_I_O)         0.225     0.225 r  clk_IBUF_inst/O
                         net (fo=1, routed)           0.627     0.852    clk_IBUF
    BUFGCTRL_X0Y16       BUFG (Prop_bufg_I_O)         0.026     0.878 r  clk_IBUF_BUFG_inst/O
                         net (fo=28, routed)          0.590     1.468    clk_IBUF_BUFG
    SLICE_X43Y36         FDRE                                         r  counter_reg[5]/C
  -------------------------------------------------------------------    -------------------
    SLICE_X43Y36         FDRE (Prop_fdre_C_Q)         0.141     1.609 r  counter_reg[5]/Q
                         net (fo=2, routed)           0.116     1.725    counter[5]
    SLICE_X43Y36         CARRY4 (Prop_carry4_S[0]_O[0])
                                                      0.115     1.840 r  counter_reg[8]_i_1/O[0]
                         net (fo=1, routed)           0.000     1.840    p_1_in[5]
    SLICE_X43Y36         FDRE                                         r  counter_reg[5]/D
  -------------------------------------------------------------------    -------------------

                         (clock sys_clk_pin rise edge)
                                                      0.000     0.000 r  <hidden>
    H16                                               0.000     0.000 r  clk
                         net (fo=0)                   0.000     0.000    clk
    H16                  IBUF (Prop_ibuf_I_O)         0.413     0.413 r  clk_IBUF_inst/O
                         net (fo=1, routed)           0.683     1.096    clk_IBUF
    BUFGCTRL_X0Y16       BUFG (Prop_bufg_I_O)         0.029     1.125 r  clk_IBUF_BUFG_inst/O
                         net (fo=28, routed)          0.858     1.983    clk_IBUF_BUFG
    SLICE_X43Y36         FDRE                                         r  counter_reg[5]/C
                         clock pessimism             -0.515     1.468    <hidden>
    SLICE_X43Y36         FDRE (Hold_fdre_C_D)         0.105     1.573    counter_reg[5]
  -------------------------------------------------------------------
                         required time                         -1.573    <hidden>
                         arrival time                           1.840    <hidden>
  -------------------------------------------------------------------
                         slack                                  0.267    <hidden>





Pulse Width Checks
--------------------------------------------------------------------------------------
Clock Name:         sys_clk_pin
Waveform(ns):       { 0.000 5.000 }
Period(ns):         10.000
Sources:            { clk }

Check Type        Corner  Lib Pin  Reference Pin  Required(ns)  Actual(ns)  Slack(ns)  Location        Pin
Min Period        n/a     BUFG/I   n/a            2.155         10.000      7.845      BUFGCTRL_X0Y16  clk_IBUF_BUFG_inst/I
Min Period        n/a     FDRE/C   n/a            1.000         10.000      9.000      SLICE_X42Y35    counter_reg[0]/C
Min Period        n/a     FDRE/C   n/a            1.000         10.000      9.000      SLICE_X43Y37    counter_reg[10]/C
Min Period        n/a     FDRE/C   n/a            1.000         10.000      9.000      SLICE_X43Y37    counter_reg[11]/C
Min Period        n/a     FDRE/C   n/a            1.000         10.000      9.000      SLICE_X43Y37    counter_reg[12]/C
Min Period        n/a     FDRE/C   n/a            1.000         10.000      9.000      SLICE_X43Y38    counter_reg[13]/C
Min Period        n/a     FDRE/C   n/a            1.000         10.000      9.000      SLICE_X43Y38    counter_reg[14]/C
Min Period        n/a     FDRE/C   n/a            1.000         10.000      9.000      SLICE_X43Y38    counter_reg[15]/C
Min Period        n/a     FDRE/C   n/a            1.000         10.000      9.000      SLICE_X43Y38    counter_reg[16]/C
Min Period        n/a     FDRE/C   n/a            1.000         10.000      9.000      SLICE_X43Y39    counter_reg[17]/C
Low Pulse Width   Slow    FDRE/C   n/a            0.500         5.000       4.500      SLICE_X42Y35    counter_reg[0]/C
Low Pulse Width   Fast    FDRE/C   n/a            0.500         5.000       4.500      SLICE_X42Y35    counter_reg[0]/C
Low Pulse Width   Slow    FDRE/C   n/a            0.500         5.000       4.500      SLICE_X43Y37    counter_reg[10]/C
Low Pulse Width   Fast    FDRE/C   n/a            0.500         5.000       4.500      SLICE_X43Y37    counter_reg[10]/C
Low Pulse Width   Slow    FDRE/C   n/a            0.500         5.000       4.500      SLICE_X43Y37    counter_reg[11]/C
Low Pulse Width   Fast    FDRE/C   n/a            0.500         5.000       4.500      SLICE_X43Y37    counter_reg[11]/C
Low Pulse Width   Slow    FDRE/C   n/a            0.500         5.000       4.500      SLICE_X43Y37    counter_reg[12]/C
Low Pulse Width   Fast    FDRE/C   n/a            0.500         5.000       4.500      SLICE_X43Y37    counter_reg[12]/C
Low Pulse Width   Slow    FDRE/C   n/a            0.500         5.000       4.500      SLICE_X43Y38    counter_reg[13]/C
Low Pulse Width   Fast    FDRE/C   n/a            0.500         5.000       4.500      SLICE_X43Y38    counter_reg[13]/C
High Pulse Width  Slow    FDRE/C   n/a            0.500         5.000       4.500      SLICE_X42Y35    counter_reg[0]/C
High Pulse Width  Fast    FDRE/C   n/a            0.500         5.000       4.500      SLICE_X42Y35    counter_reg[0]/C
High Pulse Width  Slow    FDRE/C   n/a            0.500         5.000       4.500      SLICE_X43Y37    counter_reg[10]/C
High Pulse Width  Fast    FDRE/C   n/a            0.500         5.000       4.500      SLICE_X43Y37    counter_reg[10]/C
High Pulse Width  Slow    FDRE/C   n/a            0.500         5.000       4.500      SLICE_X43Y37    counter_reg[11]/C
High Pulse Width  Fast    FDRE/C   n/a            0.500         5.000       4.500      SLICE_X43Y37    counter_reg[11]/C
High Pulse Width  Slow    FDRE/C   n/a            0.500         5.000       4.500      SLICE_X43Y37    counter_reg[12]/C
High Pulse Width  Fast    FDRE/C   n/a            0.500         5.000       4.500      SLICE_X43Y37    counter_reg[12]/C
High Pulse Width  Slow    FDRE/C   n/a            0.500         5.000       4.500      SLICE_X43Y38    counter_reg[13]/C
High Pulse Width  Fast    FDRE/C   n/a            0.500         5.000       4.500      SLICE_X43Y38    counter_reg[13]/C



--------------------------------------------------------------------------------------
Path Group:  (none)
From Clock:  sys_clk_pin
  To Clock:  

Max Delay             1 Endpoint
Min Delay             1 Endpoint
--------------------------------------------------------------------------------------


Max Delay Paths
--------------------------------------------------------------------------------------
Slack:                    inf
  Source:                 led_reg/C
                            (rising edge-triggered cell FDRE clocked by sys_clk_pin  {rise@0.000ns fall@5.000ns period=10.000ns})
  Destination:            led
                            (output port)
  Path Group:             (none)
  Path Type:              Max at Slow Process Corner
  Data Path Delay:        5.762ns  (logic 4.085ns (70.904%)  route 1.676ns (29.096%))
  Logic Levels:           1  (OBUF=1)
  Clock Uncertainty:      0.025ns  ((TSJ^2 + TIJ^2)^1/2 + DJ) / 2 + PE
    Total System Jitter     (TSJ):    0.050ns
    Total Input Jitter      (TIJ):    0.000ns
    Discrete Jitter          (DJ):    0.000ns
    Phase Error              (PE):    0.000ns

    Location             Delay type                Incr(ns)  Path(ns)    Netlist Resource(s)
  -------------------------------------------------------------------    -------------------
                         (clock sys_clk_pin rise edge)
                                                      0.000     0.000 r  <hidden>
    H16                                               0.000     0.000 r  clk
                         net (fo=0)                   0.000     0.000    clk
    H16                  IBUF (Prop_ibuf_I_O)         1.457     1.457 r  clk_IBUF_inst/O
                         net (fo=1, routed)           2.076     3.533    clk_IBUF
    BUFGCTRL_X0Y16       BUFG (Prop_bufg_I_O)         0.101     3.634 r  clk_IBUF_BUFG_inst/O
                         net (fo=28, routed)          1.753     5.387    clk_IBUF_BUFG
    SLICE_X42Y37         FDRE                                         r  led_reg/C
  -------------------------------------------------------------------    -------------------
    SLICE_X42Y37         FDRE (Prop_fdre_C_Q)         0.518     5.905 r  led_reg/Q
                         net (fo=2, routed)           1.676     7.582    led_OBUF
    R14                  OBUF (Prop_obuf_I_O)         3.567    11.149 r  led_OBUF_inst/O
                         net (fo=0)                   0.000    11.149    led
    R14                                                               r  led
  -------------------------------------------------------------------    -------------------





Min Delay Paths
--------------------------------------------------------------------------------------
Slack:                    inf
  Source:                 led_reg/C
                            (rising edge-triggered cell FDRE clocked by sys_clk_pin  {rise@0.000ns fall@5.000ns period=10.000ns})
  Destination:            led
                            (output port)
  Path Group:             (none)
  Path Type:              Min at Fast Process Corner
  Data Path Delay:        1.775ns  (logic 1.432ns (80.655%)  route 0.343ns (19.345%))
  Logic Levels:           1  (OBUF=1)
  Clock Uncertainty:      0.025ns  ((TSJ^2 + TIJ^2)^1/2 + DJ) / 2 + PE
    Total System Jitter     (TSJ):    0.050ns
    Total Input Jitter      (TIJ):    0.000ns
    Discrete Jitter          (DJ):    0.000ns
    Phase Error              (PE):    0.000ns

    Location             Delay type                Incr(ns)  Path(ns)    Netlist Resource(s)
  -------------------------------------------------------------------    -------------------
                         (clock sys_clk_pin rise edge)
                                                      0.000     0.000 r  <hidden>
    H16                                               0.000     0.000 r  clk
                         net (fo=0)                   0.000     0.000    clk
    H16                  IBUF (Prop_ibuf_I_O)         0.225     0.225 r  clk_IBUF_inst/O
                         net (fo=1, routed)           0.627     0.852    clk_IBUF
    BUFGCTRL_X0Y16       BUFG (Prop_bufg_I_O)         0.026     0.878 r  clk_IBUF_BUFG_inst/O
                         net (fo=28, routed)          0.591     1.469    clk_IBUF_BUFG
    SLICE_X42Y37         FDRE                                         r  led_reg/C
  -------------------------------------------------------------------    -------------------
    SLICE_X42Y37         FDRE (Prop_fdre_C_Q)         0.164     1.633 r  led_reg/Q
                         net (fo=2, routed)           0.343     1.976    led_OBUF
    R14                  OBUF (Prop_obuf_I_O)         1.268     3.244 r  led_OBUF_inst/O
                         net (fo=0)                   0.000     3.244    led
    R14                                                               r  led
  -------------------------------------------------------------------    -------------------





